event_name,date,time,latitude,longitude,state,district
Mathgharia Landslide,2026-09-01,08:00:00,26.1748,91.816734,Assam,Kamrup (m)
Satgaon Landlside,2026-09-01,06:30:00,26.157446,91.849945,Assam,Kamrup (m)
Dirang  Landslide,2026-08-29,03:00:00,27.377829,92.23291,Arunachal Pradesh,West Kameng
Tandu Landslide,2026-08-28,07:30:00,26.052744,91.88774,Assam,Kamrup(m)
Tuensang Landslide,2026-08-27,08:15:00,26.231926,94.80994,Nagaland,Tuensang
Manikarneswar Landslide,2026-08-24,,26.207642,91.74712,Assam,Kamrup
Krishna Nagar Landslide,2026-08-21,,26.160917,91.80249,Assam,Kamrup(m)
Ganesh Nagar Landslide,2026-08-21,,26.194555,91.790924,Assam,Kamrup(m)
S. Sarania Landslide 2,2026-08-21,,26.178778,91.767784,Assam,Kamrup(m)
S. Sarania Landslide 1,2026-08-21,,26.176853,91.76956,Assam,Kamrup(m)
Ghokuto Landslide,2026-08-19,,25.875906,93.95156,Nagaland,Niuland
Zunheboto Landslide,2026-08-19,,26.02183,94.52774,Nagaland,Zunheboto
Kharghuli Landslide 2,2026-08-15,,26.199575,91.776695,Assam,Kamrup(m)
Nacho Landslide,2026-08-14,,28.2358,93.8919,Arunachal Pradesh,Upper Subansiri
Rimbi Landslide,2026-08-14,,27.320515,88.187256,Sikkim,Gyalshing
Kohima Landslide,2026-08-10,,25.672106,94.098885,Nagaland,Kohima
Mahur Landslide,2026-08-09,,25.182362,93.12023,Assam,Dima Hasao
Geetanagar Landslide,2026-08-09,,26.173452,91.79576,Assam,Kamrup(m)
Burapahar Landlside,2026-08-08,,26.574081,93.11382,Assam,Nagaon
Etsuchukha Landslide 3,2026-08-07,03:50:00,26.100138,94.25631,Nagaland,Wokha
Old Kohima Landslide,2026-08-05,,25.682878,94.06651,Nagaland,Kohima
Shirui Landslide,2026-08-05,,25.126442,94.45622,Manipur,Ukhrul
Kaziranga Landslide,2026-08-05,03:00:00,26.574476,93.09878,Assam,Nagaon
Artang Landlside,2026-08-04,,26.314524,94.511505,Nagaland,Mokokchung
Parsi Parlo Landlside,2026-08-04,15:00:00,27.994583,93.524574,Arunachal Pradesh,Kurung Kumey
Ukhrul Landslide,2026-08-04,00:30:00,25.097464,94.36435,Manipur,Ukhrul
Phesama Landslide,2026-08-04,,25.624,94.11383,Nagaland,Kohima
Bana Landslide,2026-08-04,,27.275171,92.88837,Arunachal Pradesh,Pakke Kesang
Kiphire Landslide,2026-08-02,,25.894806,94.7723,Nagaland,Kiphire
Meluri Landslide,2026-08-01,,25.694445,94.62855,Nagaland,Meluri
Satakha Landslide,2026-08-01,,25.884886,94.4541,Nagaland,Zunheboto
Lumami Landslide,2026-07-31,,26.221018,94.47801,Nagaland,Zunheboto
Penli Ward Landslide,2026-07-29,01:00:00,26.320194,94.52092,Nagaland,Mokokchung
Kisama Landslide,2026-07-27,,25.622572,94.114845,Nagaland,Kohima
Barfung Landslide,2026-07-25,11:50:00,27.307344,88.37496,Sikkim,Namchi
Deorali Landslide,2026-07-25,,26.117374,91.82204,Meghalaya,Ri Bhoi
New Harangajao Landslide,2026-07-24,,25.113644,92.873634,Assam,Dima Hasao
Swargapur Landlside,2026-07-23,,26.095118,91.798546,Assam,Kamrup(m)
Kahilipara Landslide,2026-07-22,11:00:00,26.142305,91.76151,Assam,Kamrup(m)
Mawlai Landslide,2026-07-21,,25.625807,91.88994,Meghalaya,East Khasi Hills
Nongpoh Jorabat Landslide 25,2026-07-20,,26.018637,91.867355,Meghalaya,Ri Bhoi
Luangchum Landslide,2026-07-20,,24.812773,93.54353,Manipur,Noney
Umlamphlang Landslide,2026-07-20,04:00:00,25.95734,92.14136,Meghalaya,Ri Bhoi
Wokha Landlside,2026-07-20,,26.096003,94.2508,Nagaland,Wokha
Shantikhunou Landlside 2,2026-07-20,,24.755623,93.293526,Manipur,Tamenglong
Sarutari Landlside,2026-07-20,,26.030746,91.85191,Meghalaya,Ri Bhoi
Thuvopisu Landslide,2026-07-20,,25.712915,94.34447,Nagaland,Phek
Unger Landslide,2026-07-20,,26.485111,94.6525,Nagaland,Mokokchung
Nongpoh Jorabat Landslide 1,2026-07-20,,25.93695,91.87222,Meghalaya,Ri Bhoi
Nongpoh Jorabat Landslide 2,2026-07-20,,25.940632,91.871826,Meghalaya,Ri Bhoi
Nongpoh Jorabat Landslide 3,2026-07-20,,25.947412,91.86673,Meghalaya,Ri Bhoi
Nongpoh Jorabat Landslide 4,2026-07-20,,25.990328,91.85932,Meghalaya,Ri Bhoi
Nongpoh Jorabat Landslide 5,2026-07-20,,25.991035,91.8596,Meghalaya,Ri Bhoi
Nongpoh Jorabat Landslide 6,2026-07-20,,25.991175,91.85964,Meghalaya,Ri Bhoi
Nongpoh Jorabat Landslide 7,2026-07-20,,25.99478,91.860886,Meghalaya,Ri Bhoi
Nongpoh Jorabat Landslide 8,2026-07-20,,25.996073,91.86134,Meghalaya,Ri Bhoi
Nongpoh Jorabat Landslide 9,2026-07-20,,26.018152,91.86675,Meghalaya,Ri Bhoi
Nongpoh Jorabat Landslide 10,2026-07-20,,26.032234,91.869,Meghalaya,Ri Bhoi
Nongpoh Jorabat Landslide 11,2026-07-20,,26.033426,91.867065,Meghalaya,Ri Bhoi
Nongpoh Jorabat Landslide 12,2026-07-20,,26.034313,91.86748,Meghalaya,Ri Bhoi
Nongpoh Jorabat Landslide 13,2026-07-20,,26.03521,91.86797,Meghalaya,Ri Bhoi
Nongpoh Jorabat Landslide 14,2026-07-20,,26.036535,91.86822,Meghalaya,Ri Bhoi
Nongpoh Jorabat Landslide 15,2026-07-20,,26.037928,91.867516,Meghalaya,Ri Bhoi
Nongpoh Jorabat Landslide 16,2026-07-20,,26.036144,91.86885,Meghalaya,Ri Bhoi
Nongpoh Jorabat Landslide 17,2026-07-20,,26.02611,91.868614,Meghalaya,Ri Bhoi
Nongpoh Jorabat Landslide 18,2026-07-20,,26.024378,91.86793,Meghalaya,Ri Bhoi
Nongpoh Jorabat Landslide 19,2026-07-20,,26.022827,91.86787,Meghalaya,Ri Bhoi
Nongpoh Jorabat Landslide 20,2026-07-20,,26.021524,91.867455,Meghalaya,Ri Bhoi
Nongpoh Jorabat Landslide 21,2026-07-20,,26.021402,91.86735,Meghalaya,Ri Bhoi
Nongpoh Jorabat Landslide 22,2026-07-20,,26.021015,91.8672,Meghalaya,Ri Bhoi
Nongpoh Jorabat Landslide 23,2026-07-20,,26.01995,91.86784,Meghalaya,Ri Bhoi
Nongpoh Jorabat Landslide 24,2026-07-20,,26.019587,91.86775,Meghalaya,Ri Bhoi
Nongpoh Jorabat Landslide 26,2026-07-20,,26.017263,91.86659,Meghalaya,Ri Bhoi
Nongpoh Jorabat Landslide 27,2026-07-20,,26.016792,91.86662,Meghalaya,Ri Bhoi
Nongpoh Jorabat Landslide 28,2026-07-20,,26.016197,91.86783,Meghalaya,Ri Bhoi
Nongpoh Jorabat Landslide 29,2026-07-20,,26.01633,91.86871,Meghalaya,Ri Bhoi
Nongpoh Jorabat Landslide 30,2026-07-20,,26.016378,91.86917,Meghalaya,Ri Bhoi
Nongpoh Jorabat Landslide 31,2026-07-20,,26.015203,91.86779,Meghalaya,Ri Bhoi
Nongpoh Jorabat Landslide 32,2026-07-20,,26.01462,91.86686,Meghalaya,Ri Bhoi
Nongpoh Jorabat Landslide 33,2026-07-20,,26.012983,91.86595,Meghalaya,Ri Bhoi
Nongpoh Jorabat Landslide 34,2026-07-20,,26.012144,91.865326,Meghalaya,Ri Bhoi
Nongpoh Jorabat Landslide 35,2026-07-20,,26.011078,91.86585,Meghalaya,Ri Bhoi
Nongpoh Jorabat Landslide 36,2026-07-20,,26.010752,91.86606,Meghalaya,Ri Bhoi
Nongpoh Jorabat Landslide 37,2026-07-20,,26.010353,91.86616,Meghalaya,Ri Bhoi
Nongpoh Jorabat Landslide 38,2026-07-20,,26.010235,91.86596,Meghalaya,Ri Bhoi
Nongpoh Jorabat Landslide 39,2026-07-20,,26.009972,91.86579,Meghalaya,Ri Bhoi
Nongpoh Jorabat Landslide 40,2026-07-20,,26.009018,91.865295,Meghalaya,Ri Bhoi
Nongpoh Jorabat Landslide 41,2026-07-20,,26.005608,91.86453,Meghalaya,Ri Bhoi
Nongpoh Jorabat Landslide 42,2026-07-20,,26.005386,91.864494,Meghalaya,Ri Bhoi
Nongpoh Jorabat Landslide 43,2026-07-20,,26.004498,91.864235,Meghalaya,Ri Bhoi
Nongpoh Jorabat Landslide 44,2026-07-20,,26.00323,91.86379,Meghalaya,Ri Bhoi
Nongpoh Jorabat Landslide 45,2026-07-20,,25.997519,91.86263,Meghalaya,Ri Bhoi
Nongpoh Jorabat Landslide 46,2026-07-20,,25.961288,91.85734,Meghalaya,Ri Bhoi
Nongpoh Jorabat Landslide 47,2026-07-20,,25.959692,91.85428,Meghalaya,Ri Bhoi
Nongpoh Jorabat Landslide 48,2026-07-20,,25.961006,91.85333,Meghalaya,Ri Bhoi
Nongpoh Jorabat Landslide 49,2026-07-20,,25.955105,91.85926,Meghalaya,Ri Bhoi
Nongpoh Jorabat Landslide 50,2026-07-20,,25.958643,91.86441,Meghalaya,Ri Bhoi
Nongpoh Jorabat Landslide 51,2026-07-20,,25.959595,91.86714,Meghalaya,Ri Bhoi
Nongpoh Jorabat Landslide 52,2026-07-20,,25.953545,91.86536,Meghalaya,Ri Bhoi
Nongpoh Jorabat Landslide 53,2026-07-20,,25.953112,91.86493,Meghalaya,Ri Bhoi
Nongpoh Jorabat Landslide 54,2026-07-20,,25.952925,91.86482,Meghalaya,Ri Bhoi
Nongpoh Jorabat Landslide 55,2026-07-20,,25.93167,91.87304,Meghalaya,Ri Bhoi
Nongpoh Jorabat Landslide 56,2026-07-20,,25.931517,91.87317,Meghalaya,Ri Bhoi
Nongpoh Jorabat Landslide 57,2026-07-20,,25.927137,91.875015,Meghalaya,Ri Bhoi
Maligaon Landslide,2026-07-19,,26.14062,91.69186,Assam,Kamrup(m)
Mon Landslide,2026-07-19,06:30:00,26.72513,95.02043,Nagaland,Mon
Kharghuli Lnadlside,2026-07-19,10:00:00,26.19505,91.766525,Assam,Kamrup(m)
Etsuchukha Landslide 2,2026-07-19,,26.100035,94.251045,Nagaland,Wokha
Kaiphundai Landslide,2026-07-16,,24.798979,93.234184,Manipur,Tamenglong
Kyongnosla Landslide,2026-07-15,,27.366852,88.66543,Sikkim,Gangtok
Odalbakra Landlside,2026-07-15,,26.13763,91.750305,Assam,Kamrup(m)
Etsuchukha Landslide,2026-07-15,,26.098867,94.25473,Nagaland,Wokha
Tawipui Landslide,2026-07-14,05:00:00,22.68038,92.84362,Mizoram,Lunglei
Pakro Landlside,2026-07-13,05:00:00,27.21794,93.08082,Arunachal Pradesh,Pakke Kesang
Jorabat Landslide,2026-07-12,,26.110659,91.84137,Assam,Kamrup(m)
Upper Shillong Landslide,2026-07-12,,25.57049,91.86578,Meghalaya,East Khasi Hills
Kulikawn Landslide,2026-07-09,,23.705044,92.717674,Mizoram,Aizwal
Melli Landlside,2026-07-09,,27.09703,88.38263,Sikkim,Namchi
Kawahagra Landslide,2026-07-09,,25.31503,89.8976,Meghalaya,South West Garo Hills
Mawjngih Landslide,2026-07-08,,25.382938,91.87442,Meghalaya,East Khasi Hills
Khonsa PO Landslide,2026-07-08,,26.990768,95.49939,Arunachal Pradesh,Tirap
Tlabung Landslide,2026-07-08,,22.904953,92.483635,Mizoram,Lunglei
Bualte Landslide,2026-07-08,,22.806631,92.812355,Mizoram,Lunglei
Laitkynsew Landslide,2026-07-08,,25.413996,91.86803,Meghalaya,East Khasi Hills
Shivaji Nagar Landslide,2026-07-07,12:45:00,28.00709,96.22319,Arunachal Pradesh,Lohit
Kynrem Landslide,2026-06-30,,25.223415,91.71679,Meghalaya,East Khasi Hills
Phangtip Landslide,2026-06-29,,27.131126,95.708626,Arunachal Pradesh,Changlang
Siji River Landslide,2026-06-28,,27.7152,94.69229,Arunachal Pradesh,Lower Siang
Sagalee Landslide,2026-06-27,,27.225693,93.72183,Arunachal Pradesh,Papum Pare
Liroyim Landlside,2026-06-26,06:00:00,26.577194,94.681335,Nagaland,Mokokchung
Mokokchung Landslide,2026-06-26,,26.25745,94.52825,Nagaland,Mokokchung
Keyi Panyor Landslide,2026-06-26,,27.313925,93.81451,Arunachal Pradesh,Keyi Panyor
Joyepur Landslide,2026-06-24,,27.198792,95.44908,Assam,Dibrugarh
Shantikhunou Landlside,2026-06-24,,24.75747,93.28946,Manipur,Tamenglong
Rangpo Landslide,2026-06-23,0.40625,27.191095,88.58565,Sikkim,Pakyong
Gyalshing Landlside,2026-06-23,9:00 PM,27.283312,88.26414,Sikkim,Gyalshing
Hollongi Landslide,2026-06-22,,26.99333,93.614914,Arunachal Pradesh,Papum Pare
Senapati Landslide,2026-06-22,,25.48126,94.347664,Manipur,Senapati
Laitlyngkot Landslide,2026-06-21,,25.42656,91.8629,Meghalaya,East Khasi Hills
Jatinga Landslide,2026-06-21,01:30:00,25.128922,93.0351,Assam,Dima Hasao
Bardang Landslide,2026-06-18,Morning,27.207848,88.49086,Sikkim,Pakyong
Tigdo Landslide,2026-06-17,,27.158056,93.73556,Arunachal Pradesh,Papum Pare
Awangkhul Landslide,2026-06-17,,24.819374,93.556435,Manipur,Noney
Phek Landslide,2026-06-16,,25.680637,94.387184,Nagaland,Phek
Teliamura Landlside,2026-06-13,Morning,23.830944,91.671616,Tripura,Khowai
Bhaley Dhunga Landslide,2026-06-10,01:00:00,27.336323,88.40355,Sikkim,South Sikkim
Lewmawiong Landslide,2026-06-10,11:00:00,25.41831,91.86808,Meghalaya,East Khasi Hills
Migging Landslide,2026-06-10,07:30:00,28.858644,94.78853,Arunachal Pradesh,Upper Siang
Siji Landslide,2026-06-03,Morning,27.720451,94.70404,Arunachal Pradesh,Lower Siang
Potin Ziro Landslide,2026-05-27,Morning,27.489504,93.77111,Arunachal Pradesh,Lower Subansiri
Kebang Landslide,2026-05-24,,28.161425,95.04644,Arunachal Pradesh,Siang
Durbin Tilla Landslide,2026-05-23,Morning,25.031347,92.7768,Assam,Cachar
Tuting  Landslide,2026-05-20,Morning,28.959496,94.84526,Arunachal Pradesh,Upper Siang
Lathirghat Landlside,2026-05-19,Morning,24.780638,92.30995,Assam,Sribhumi
Bojoghari Landslide 2,2026-05-18,Afternoon,27.35874,88.62224,Sikkim,Gangtok
Bojoghari Landslide,2026-05-18,Morning,27.366383,88.61887,Sikkim,Gangtok
Gangtok Landslide,2026-05-16,Morning,27.3331,88.61056,Sikkim,Gangtok
Panchgram Landslide,2026-05-15,,24.866035,92.59853,Assam,Cachar
Yakla Landslide,2026-05-15,,27.381735,88.80901,Sikkim,East Sikkim
Khonsa Landslide,2026-05-02,,26.993143,95.508896,Arunachal Pradesh,Tirap
Kanchanpur Landslide,2026-04-30,Morning,24.038374,92.27181,Tripura,North Tripura
Pomlum Landslide,2026-04-29,Morning,25.420444,91.86732,Meghalay,East Khasi Hills
Tlaksih Landslide,2026-04-28,Morning,24.032501,92.27917,Tripura,North Tripura
Dolaichunga Landslide,2026-04-22,,25.105494,92.86589,Assam,Dima Hasao
Mawlieh Landslide,2026-04-20,,25.360802,91.88146,Meghalaya,West Khasi Hills
Pandu Kamakhya Landslide,2026-04-20,,26.166023,91.70115,Assam,Kamrup Metro
Sanis Landslide,2026-04-19,,26.220922,94.21792,Nagaland,Wokha
Tarum Chu Landslide,2026-04-05,,27.688547,88.58808,Sikkim,Mangan
Niti Vihar Landslide,2026-03-17,Evening,27.099306,93.61655,Arunachal Pradesh,Papum Pare
Baliphoo Landslide,2026-03-13,,27.295448,92.80223,Arunachal Pradesh,West Kameng
Palizi Landslide,2026-03-13,,27.300966,92.7768,Arunachal Pradesh,West Kameng
Lakhipur Landslide,2025-10-12,None,24.795984,93.04549,Assam,Cachar
Lapnan Landslide,2025-10-01,11:30 AM,26.994652,95.486694,Arunachal Pradesh,Tirap
Umbang Landslide,2025-09-20,None,25.686012,91.90302,Meghalaya,Ri Bhoi
Dokio Langpo Landslide,2025-09-19,Night,27.728561,93.63679,Arunachal Pradesh,Kra Daadi
Maram Landslide,2025-09-17,None,25.421019,94.0741,Manipur,Senapati
Ukhrul NH 102A Landslide,2025-09-17,None,25.111568,94.350876,Manipur,Ukhrul
Ruzazhu Landslide,2025-09-17,None,25.756657,94.38068,Nagaland,Phek
Tseminyu Landslide,2025-09-17,None,25.924599,94.21497,Nagaland,Kohima
Louphong Landslide,2025-09-15,5:00 AM,24.827354,94.14948,Manipur,Kamjong
Penli Landslide,2025-09-15,None,26.322418,94.52008,Nagaland,Mokokchung
Khongnem Landslide,2025-09-15,None,25.353252,94.06428,Manipur,Senapati
Henivi Landslide 2,2025-09-14,None,25.799683,93.80878,Nagaland,Dimapur
Sangkalang Landslide,2025-09-14,Morning,27.50854,88.526886,Sikkim,Mangan
Aongza Landslide,2025-09-14,8:00 PM,26.326025,94.51105,Nagaland,Mokokchung
Rupnagar Landslide 2,2025-09-14,11:30 AM,26.157864,91.75622,Assam,Kamrup Metro
Henivi Landslide,2025-09-14,None,25.799875,93.81018,Nagaland,Dimapur
Chumoukedima Landslide,2025-09-14,None,25.79816,93.79787,Nagaland,Dimapur
Pagala Pahar Landslide,2025-09-14,None,25.745548,93.78249,Nagaland,Dimapur
Lumding Landslide,2025-09-14,None,25.8273,93.09166,Assam,Nagaon
Awangkhu Landslide,2025-09-14,None,24.825945,93.56125,Manipur,Noney
Sardong Landslide,2025-09-14,None,27.284554,88.19555,Sikkim,Gyalshing
Mogam Landslide,2025-09-14,None,24.842453,92.55412,Assam,Sribhumi
Ladsharai Landslide,2025-09-13,None,25.711882,91.89371,Meghalaya,Ri Bhoi
Seithekema Landslide 2,2025-09-13,None,25.784058,93.800804,Nagaland,Dimapur
Zhekiye Landslide,2025-09-13,None,25.926365,94.46042,Nagaland,Zunheboto
Seithekema Landslide 3,2025-09-13,None,25.78005,93.80028,Nagaland,Dimapur
Shantipur Landslide,2025-09-12,Midnight,24.227474,92.0438,Tripura,Unakoti
Chumoukedima Landslide 4,2025-09-12,None,25.796762,93.80239,Nagaland,Dimapur
Chumoukedima Landslide 3,2025-09-12,None,25.796894,93.80325,Nagaland,Dimapur
Chumoukedima Landslide 2,2025-09-12,None,25.79688,93.80417,Nagaland,Dimapur
Seithekema Landslide,2025-09-12,None,25.785057,93.8025,Nagaland,Dimapur
Upper Rimbi Landslide,2025-09-12,Midnight,27.308107,88.17378,Sikkim,Gyalshing
Koliadisa Landslide,2025-09-11,None,25.379732,93.19382,Assam,Dima Hasao
Thingfal Landslide,2025-09-11,12:20 PM,22.612204,92.873634,Mizoram,Lunglei
L15,2025-09-09,Wee Hours,25.66332,91.9018,Meghalaya,Ri Bhoi
L16,2025-09-09,Wee Hours,25.665146,91.89938,Meghalaya,Ri Bhoi
L14,2025-09-09,Wee Hours,25.66164,91.90094,Meghalaya,Ri Bhoi
L13,2025-09-09,Wee Hours,25.6584,91.899704,Meghalaya,East Khasi Hills
L12,2025-09-09,Wee Hours,25.6535,91.89824,Meghalaya,East Khasi Hills
L11,2025-09-09,Wee Hours,25.65343,91.898186,Meghalaya,East Khasi Hills
L10,2025-09-09,Wee Hours,25.653233,91.89805,Meghalaya,East Khasi Hills
L9,2025-09-09,Wee Hours,25.648872,91.89763,Meghalaya,East Khasi Hills
L8,2025-09-09,Wee Hours,25.645674,91.891655,Meghalaya,East Khasi Hills
L7,2025-09-09,Wee Hours,25.64107,91.89033,Meghalaya,East Khasi Hills
L6,2025-09-09,Wee Hours,25.640907,91.891914,Meghalaya,East Khasi Hills
L5,2025-09-09,Wee Hours,25.640707,91.89213,Meghalaya,East Khasi Hills
L4,2025-09-09,Wee Hours,25.633936,91.89201,Meghalaya,East Khasi Hills
L3,2025-09-09,Wee Hours,25.65051,91.89347,Meghalaya,East Khasi Hills
L2,2025-09-09,Wee Hours,25.65201,91.896835,Meghalaya,East Khasi Hills
L1,2025-09-09,Wee Hours,25.648865,91.897865,Meghalaya,East Khasi Hills
Thangsing Landslide,2025-09-08,Midnight,27.215363,88.466034,Sikkim,Gyalshing
Bardang Landslide2,2025-09-08,None,27.223793,88.492,Sikkim,Gangtok
Jang Landslide,2025-09-03,None,27.580078,91.976875,Arunachal Pradesh,Tawang
Khongsang Landslide,2025-09-03,Morning,24.838123,93.48322,Manipur,Tamenglong
Lingding Landslide,2025-09-02,None,27.505709,88.52811,Sikkim,Mangan
Sonapur Landslide,2025-08-30,None,25.106752,92.36141,Meghalaya,East Jaintia Hills
Padma Landslide,2025-08-25,None,27.401384,92.145584,Arunachal Pradesh,West Kameng
Koinonia Landslide,2025-08-25,None,25.74907,94.07806,Nagaland,Kohima
Kenchenshu Landslide,2025-08-24,None,26.456066,94.99089,Nagaland,Mon
Tung Landslide,2025-08-19,3:30 PM,27.549248,88.64498,Sikkim,Mangan
Daoban Landslide,2025-08-14,,25.131935,93.15222,Assam,Dima Hasao
Phek Landslide,2025-08-09,,25.654722,94.43797,Nagaland,Phek
Losami Landslide,2025-08-09,,25.602415,94.427155,Nagaland,Phek
Yisemyong Landslide,2025-08-07,5:00 AM,26.38927,94.632614,Nagaland,Mokokchung
Ratachhera East Landslide 1,2025-08-06,,25.04213,92.43359,Meghalaya,East Jaintia Hills
Lazu Landslide,2025-08-05,,26.887486,95.579865,Arunachal Pradesh,Tirap
Byndihati Landslide 2,2025-08-05,,25.300756,92.38366,Meghalaya,East Jaintia Hills
Kantalo Landslide,2025-08-05,,25.269127,92.37798,Meghalaya,East Jaintia Hills
Khonglan Landslide 4,2025-08-05,,25.04802,92.40951,Meghalaya,East Jaintia Hills
Khonglan Landslide 3,2025-08-05,,25.04802,92.40951,Meghalaya,East Jaintia Hills
Khonglan Landslide 2,2025-08-05,,25.04802,92.40951,Meghalaya,East Jaintia Hills
Mechuka Landslide,2025-08-04,,28.556696,94.20784,Arunachal Pradesh,Shi-Yomi
Nongsning Landslide 5,2025-08-03,,25.264826,92.38137,Meghalaya,East Jaintia Hills
Kuliang Landslide,2025-08-03,,25.080572,92.362465,Meghalaya,East Jaintia Hills
Dona Umbluh Landslide,2025-08-03,,25.044453,92.42054,Meghalaya,East Jaintia Hills
Sonapur Landslide 2,2025-08-03,,25.115704,92.35804,Meghalaya,East Jaintia Hills
Ratachhera East Landslide 2,2025-08-03,,25.04191,92.433556,Meghalaya,East Jaintia Hills
Dampui Landslide,2025-08-03,,23.822596,92.49402,Mizoram,Mamit
Khonglan Landslide 5,2025-08-03,,25.04802,92.40951,Meghalaya,East Jaintia Hills
Byndihati Landslide 1,2025-08-03,,25.296047,92.38861,Meghalaya,East Jaintia Hills
Nongsning Landslide 4,2025-08-03,,25.263065,92.38411,Meghalaya,East Jaintia Hills
Byndihati Landslide 5,2025-08-03,,25.302769,92.37851,Meghalaya,East Jaintia Hills
Bualte Landslide,2025-08-02,,22.789639,92.830246,Mizoram,Lunglei
Paljor Landslide,2025-07-30,,27.336676,88.61024,Sikkim,Gangtok
Bardang Landslide,2025-07-29,,27.22417,88.49307,Sikkim,Gangtok
Tintek Landslide,2025-07-29,,27.383995,88.50508,Sikkim,Gangtok
Kokaley Landslide,2025-07-29,,27.330765,88.49228,Sikkim,Gangtok
Phongla Landslide,2025-07-29,,27.174353,88.45204,Sikkim,Namchi
Bhanu Turning Landslide,2025-07-29,,27.239653,88.593735,Sikkim,Pakyong
Pani House Landslide,2025-07-29,,27.321943,88.608696,Sikkim,Gangtok
Rimbi Landslide,2025-07-28,9:15 PM,27.313698,88.18995,Sikkim,Gyalshing
Chungtia Landslide,2025-07-28,None,26.379227,94.44612,Nagaland,Mokokchung
Lampi Landslide,2025-07-26,,25.76166,91.20884,Assam,Kamrup
Nokpu Landslide,2025-07-25,,26.599842,94.4803,Nagaland,Mokokchung
Dampui Landslide,2025-07-20,,23.82251,92.49366,Mizoram,Mamit
Pukpui Landslide,2025-07-20,,22.931023,92.75033,Mizoram,Lunglei
Sairang Landslide,2025-07-20,,23.814243,92.65326,Mizoram,Aizawl
Phesama Landslide,2025-07-19,3:30 PM,25.621956,94.114685,Nagaland,Kohima
Sonapur Landslide 4,2025-07-18,,25.118652,92.35706,Meghalaya,East Jaintia Hills
Nongsning Landslide 1,2025-07-18,,25.257017,92.38177,Meghalaya,East Jaintia Hills
Ratulia Landslide,2025-07-18,,25.039232,92.43711,Meghalaya,East Jaintia Hills
Nongsning Landslide 2,2025-07-18,,25.258883,92.38506,Meghalaya,East Jaintia Hills
Nongsning Landslide 3,2025-07-18,,25.2628,92.384476,Meghalaya,East Jaintia Hills
Umtyra Landslide,2025-07-18,,25.279198,92.37882,Meghalaya,East Jaintia Hills
Byndihati Landslide 3,2025-07-18,,25.300777,92.38343,Meghalaya,East Jaintia Hills
Byndihati Landslide 4,2025-07-18,,25.301994,92.37883,Meghalaya,East Jaintia Hills
Khonglan Landslide 1,2025-07-18,,25.04802,92.40951,Meghalaya,East Jaintia Hills
Sonapur Landslide 1,2025-07-18,,25.115704,92.35804,Meghalaya,East Jaintia Hills
Oinamlong Landslide,2025-07-18,,24.763643,93.25606,Manipur,Tamenglong
Irang Landslide,2025-07-18,,24.71849,93.50026,Manipur,Noney
Hangrum Landslide,2025-07-16,10:30 AM,25.137634,93.30183,Assam,Dima Hasao
Luangchum Landslide,2025-07-16,,24.81968,93.55657,Manipur,Noney
Qhitohe Landslide,2025-07-12,,25.905197,93.972305,Nagaland,Kohima
Hozhukhe Landslide,2025-07-12,,25.881208,93.934814,Nagaland,Dimapur
Vihoto Landslide,2025-07-12,,25.694649,93.66411,Nagaland,Dimapur
Maibang Semkhor Landslide,2025-07-10,,25.267803,93.191154,Assam,Dima Hasao
N. Sobojai Landslide,2025-07-10,,25.22055,93.1795,Assam,Dima Hasao
Maibang Semkhor Landslide 2,2025-07-10,,25.266214,93.19784,Assam,Dima Hasao
Razhu Point Landslide,2025-07-09,None,25.674112,94.10853,Nagaland,Kohima
PHQ Junction Landslide,2025-07-09,None,25.658476,94.09948,Nagaland,Kohima
Siktam Landslide,2025-07-09,,27.132313,88.118675,Sikkim,Soreng
Salangdang Landslide,2025-07-09,,27.11986,88.148384,Sikkim,Soreng
Lungyam Lower Dara Landslide,2025-07-09,,27.439848,88.52406,Sikkim,Mangan
Mezh Landslide,2025-07-09,None,25.665773,94.1017,Nagaland,Kohima
Ura Landslide,2025-07-09,None,25.661837,94.10107,Nagaland,Kohima
Kukidolong Landslide,2025-07-08,,25.770315,93.81766,Nagaland,
Piphema Landslide,2025-07-08,,25.72272,93.90169,Nagaland,
Pub Lumding Landslide 2,2025-07-07,None,25.817648,93.108864,Assam,Hojai
Joro Landslide,2025-07-07,None,25.37301,93.186485,Assam,Dima Hasao
Jagdi Landslide,2025-07-07,None,25.298887,93.20028,Assam,Dima Hasao
Mupa Landslide 2,2025-07-06,None,25.372486,93.1237,Assam,Dima Hasao
Lungkhok Landslide,2025-07-06,None,25.198414,93.018135,Assam,Dima Hasao
Bayav Landslide,2025-07-05,None,25.68586,94.10535,Nagaland,Kohima
KMC Dumping Landslide,2025-07-05,None,25.712086,94.06691,Nagaland,Kohima
Pub Lumding Landslide,2025-07-05,None,25.81746,93.1089,Assam,Hojai
Dehangi Landslide,2025-07-05,None,25.430874,93.027016,Assam,Dima Hasao
Hetoi Landslide,2025-07-05,None,25.8431,93.91629,Nagaland,Niuland
Changki Landslide 2,2025-07-05,None,26.424053,94.3922,Nagaland,Mokokchung
Changki Landslide 1,2025-07-05,None,26.42491,94.38695,Nagaland,Mokokchung
Mupa Landslide 2,2025-07-03,,25.372564,93.123665,Assam,Dima Hasao
Kisama Landslide,2025-07-02,,25.61863,94.11647,Nagaland,Kohima
Yongam Landslide,2025-07-02,None,26.543888,94.840965,Nagaland,Longleng
Lumum Landslide,2025-06-29,,27.066532,92.59247,Arunachal Pradesh,West Kameng
Kojo Landslide,2025-06-25,,27.514132,92.80988,Arunachal Pradesh,East Kameng
Kaiphundai Landslide 2,2025-06-24,,24.79617,93.233055,Manipur,Tamenglong
Ngopa Landslide,2025-06-23,,23.881626,93.21151,Mizoram,Saitual
Miyungkro Landslide,2025-06-23,,25.113115,92.954254,Assam,Dima Hasao
Jatinga Lampur Landslide,2025-06-22,,25.110437,92.9441,Assam,Dima Hasao
Jatinga Landslide 2,2025-06-21,,25.112844,92.95435,Assam,Dima Hasao
Rangkhung Landslide,2025-06-19,,24.862877,93.58482,Manipur,Noney
Bhandari Landslide,2025-06-17,,26.289368,94.11414,Nagaland,Wokha
Moreh Landslide,2025-06-16,10:00 AM,24.284264,94.280716,Manipur,Tengnoupal
Ratachhera Landslide,2025-06-15,,25.036552,92.43952,Meghalaya,East Jaintia Hills
Sonapur Landslide 3,2025-06-15,,25.118652,92.35706,Meghalaya,East Jaintia Hills
Kaiphundai Landslide,2025-06-15,,24.796053,93.23299,Manipur,Tamenglong
Raga Landslide,2025-06-15,,27.798374,94.0765,Arunachal Pradesh,Kamle
Umiam Landslide 10,2025-06-14,2:00 PM,25.663195,91.901695,Meghalaya,Ri Bhoi
Rupnagar Landslide,2025-06-07,12:00 AM,26.156778,91.760956,Assam,Kamrup Metro
Baghaichhara Landslide,2025-06-06,,24.146719,92.14013,Tripura,Unakoti
Manderdisa-I Landslide,2025-06-04,,25.74,93.14,Assam,Dima Hasao
Maibang Landslide,2025-06-04,,25.4,93.28,Assam,Dima Hasao
Awangkhul Landslide,2025-06-04,3:00 PM,24.819538,93.55622,Manipur,Tamenglong
Pachali Landslide,2025-06-04,2:00 AM,26.146902,91.68986,Assam,Kamrup Metro
Haflong Landslide 4,2025-06-04,,25.43,93.03,Assam,Dima Hasao
Haflong Landslide3,2025-06-04,,25.15,93.02,Assam,Dima Hasao
Maibang Landslide 2,2025-06-04,,25.38,93.08,Assam,Dima Hasao
Maibang Landslide 1,2025-06-04,,25.51,93.12,Assam,Dima Hasao
Mongon Landslide,2025-06-04,,25.17,93.0,Assam,Dima Hasao
Gunjung Landslide,2025-06-04,,25.32,93.09,Assam,Dima Hasao
Mailu Landslide,2025-06-04,,25.5,93.2,Assam,Dima Hasao
Langting HasinPart-I Landslide,2025-06-04,,25.5,93.11,Assam,Dima Hasao
Yeabra Landslide,2025-06-04,,25.29,93.14,Assam,Dima Hasao
Khengjol Landslide,2025-06-04,,25.33,93.33,Assam,Dima Hasao
Haflong Landslide 2,2025-06-03,,25.19,93.12,Assam,Dima Hasao
Siji Landslide,2025-06-03,,27.718876,94.70399,Arunachal Pradesh,Lower Siang
Laisong Landslide,2025-06-03,,25.21,93.3,Assam,Dima Hasao
Dautohaj Landslide,2025-06-03,,25.23,93.15,Assam,Dima Hasao
Khumarcherra Landslide,2025-06-03,,24.97,93.13,Assam,Dima Hasao
Kipeilo Landslide,2025-06-03,,25.23,93.35,Assam,Dima Hasao
Gamvom Landslide,2025-06-03,,25.17,93.17,Assam,Dima Hasao
Lasang Landslide,2025-06-03,,25.18,93.12,Assam,Dima Hasao
Asonghaju Landslide,2025-06-03,,25.18,93.12,Assam,Dima Hasao
Hange Naga Landslide,2025-06-03,,25.16,93.12,Assam,Dima Hasao
N.Thingvom Landslide,2025-06-03,,25.97,93.13,Assam,Dima Hasao
Maharajpur Landslide,2025-06-03,,25.12,92.86,Assam,Dima Hasao
LodiKuki Landslide,2025-06-03,,25.12,92.85,Assam,Dima Hasao
Dimbricherra Landslide,2025-06-03,,25.03,93.17,Assam,Dima Hasao
Jinam Ghat Landslide,2025-06-03,,25.03,93.2,Assam,Dima Hasao
LodiKachari Landslide,2025-06-03,,24.99,93.06,Assam,Dima Hasao
Harangajao Bazar Landslide,2025-06-03,,25.12,92.85,Assam,Dima Hasao
Doiheng Landslide,2025-06-03,,25.1,92.98,Assam,Dima Hasao
Laisong Landslide,2025-06-03,,24.99,93.17,Assam,Dima Hasao
Lower Songpijang Area Landslide 1,2025-06-02,,25.17,93.02,Assam,Dima Hasao
Songpijang Landslide,2025-06-02,,25.16,93.02,Assam,Dima Hasao
Kana Basti Landslide,2025-06-02,,25.16,93.01,Assam,Dima Hasao
Haflong Landslide 1,2025-06-02,,25.17,93.01,Assam,Dima Hasao
Thaijuwari Bridge Landslide,2025-06-02,,25.57,92.97,Assam,Dima Hasao
Lower Muolhoi Landslide,2025-06-02,,25.17,93.02,Assam,Dima Hasao
Natun Basti Area Landslide,2025-06-02,,25.16,93.01,Assam,Dima Hasao
New Boro Haflong Landslide,2025-06-02,,25.14,93.02,Assam,Dima Hasao
Lower Songpijang Area Landslide 3,2025-06-02,,25.17,93.02,Assam,Dima Hasao
Dalucherra Landslide,2025-06-02,Morning,23.989382,91.80906,Tripura,Unakoti
Mupa Landslide,2025-06-02,,25.386747,93.11993,Assam,Dima Hasao
Sekhikansh Ali Chak Landslide,2025-06-02,,24.780947,92.309296,Assam,Karimganj
Mohanpur Landslide,2025-06-02,,24.68874,92.64441,Assam,Hailakandi
Kanakpur Landslide,2025-06-02,,24.92072,93.07298,Assam,Cachar
Lower Songpijang area Landslide 2,2025-06-02,,25.17,93.02,Assam,Dima Hasao
Chaten Landslide,2025-06-01,7:00 PM,27.716328,88.563354,Sikkim,Mangan
Topodisa Landslide,2025-06-01,,25.18,93.01,Assam,Dima Hasao
Retzawl Landslide,2025-06-01,,25.11,92.99,Assam,Dima Hasao
Kulinag Landslide,2025-06-01,,25.080519,92.36237,Meghalaya,East Jaintia Hills
Dhobiline Landslide,2025-06-01,,25.16,93.01,Assam,Dima Hasao
Kisama Landslide,2025-06-01,,25.618652,94.116486,Nagaland,Kohima
Param Putu Landslide,2025-06-01,,27.649593,93.87385,Arunachal Pradesh,Keyi Panyor
Ramnagar Landslide,2025-06-01,,25.17,93.01,Assam,Dima Hasao
Jatinga Landslide,2025-06-01,,25.13,93.02,Assam,Dima Hasao
Songpijang Landslide,2025-06-01,,25.17,93.02,Assam,Dima Hasao
Boro Haflong Landslide,2025-06-01,,25.15,93.03,Assam,Dima Hasao
Natun Basti Landslide,2025-06-01,,25.16,93.01,Assam,Dima Hasao
Thaijuwari Bazar Landslide,2025-06-01,,25.57,92.97,Assam,Dima Hasao
Mahadev tilla Landslide,2025-06-01,,25.17,93.02,Assam,Dima Hasao
Maligaon Landslide,2025-05-31,,26.161629,91.70691,Assam,Kamrup Metro
Ziro Landslide,2025-05-31,,27.622057,93.84096,Arunachal Pradesh,Lower Subansiri
Langkyrdem Landslide,2025-05-31,,25.35567,91.89466,Meghalaya,East Khasi Hills
Rgnain Landslide 4,2025-05-31,,25.376417,91.87453,Meghalaya,East Khasi Hills
Rgnain Landslide 3,2025-05-31,,25.379751,91.873474,Meghalaya,East Khasi Hills
Rgnain Landslide,2025-05-31,,25.383026,91.87442,Meghalaya,East Khasi Hills
Mawkejam Landslide 3,2025-05-31,,25.390718,91.87186,Meghalaya,East Khasi Hills
Mawkejam Landslide 4,2025-05-31,,25.385197,91.87428,Meghalaya,East Khasi Hills
Mawkejam Landslide 2,2025-05-31,,25.397324,91.87258,Meghalaya,East Khasi Hills
Mawkejam Landslide,2025-05-31,,25.403746,91.87281,Meghalaya,East Khasi Hills
Pomlum Landslide 3,2025-05-31,,25.418383,91.86815,Meghalaya,East Khasi Hills
Pomlum Landslide,2025-05-31,10:30 PM,25.421621,91.868065,Meghalaya,East Khasi Hills
Wah Bnoh Landslide 6,2025-05-31,,25.422207,91.86784,Meghalaya,East Khasi Hills
Wah Bnoh Landslide 3,2025-05-31,,25.431412,91.86275,Meghalaya,East Khasi Hills
Wah Bnoh Landslide 2,2025-05-31,,25.432304,91.86152,Meghalaya,East Khasi Hills
Wah Bnoh Landslide,2025-05-31,,25.433979,91.86066,Meghalaya,East Khasi Hills
Lum Thnagding Landslide,2025-05-31,,25.437634,91.85281,Meghalaya,East Khasi Hills
Awangkhul Landslide,2025-05-31,Morning,24.819538,93.55622,Manipur,Tamenglong district
Mylliem Landslide 7,2025-05-31,,25.47174,91.81621,Meghalaya,East Khasi Hills
Mylliem Landslide 11,2025-05-31,,25.466873,91.819016,Meghalaya,East Khasi Hills
Mylliem Landslide 12,2025-05-31,,25.465906,91.82085,Meghalaya,East Khasi Hills
Umtyngar Landslide,2025-05-31,,25.46529,91.82496,Meghalaya,East Khasi Hills
Umtyngar Landslide 3,2025-05-31,,25.46443,91.82775,Meghalaya,East Khasi Hills
Laitkroh Landslide,2025-05-31,,25.461939,91.82976,Meghalaya,East Khasi Hills
Laitkroh Landslide 2,2025-05-31,,25.461172,91.83177,Meghalaya,East Khasi Hills
Wah Bnoh Landslide 5,2025-05-31,,25.422897,91.866066,Meghalaya,East Khasi Hills
Maligaon Landslide 2,2025-05-31,,26.160728,91.70498,Assam,Kamrup Metro
Navagraha Landslide,2025-05-31,,26.19515,91.76667,Assam,Kamrup Metro
Midum Kham Landslide,2025-05-31,,23.469757,92.74036,Mizoram,Aizawl
Chanmari Landslide,2025-05-31,,23.740742,92.717224,Mizoram,Aizawl
Dinthar Veng Landslide,2025-05-31,,23.730558,92.7116,Mizoram,Aizawl
Kulinag Landslide,2025-05-31,,25.080519,92.36237,Meghalaya,East Jaintia Hills
Rajnagar Landslide 2,2025-05-31,,24.31148,92.07844,Tripura,Unakoti
Rajnagar Landslide,2025-05-31,,24.311491,92.07847,Tripura,Unakoti
Vaphai Landslide,2025-05-31,,23.146456,93.32512,Mizoram,Champhai
Datalpara Landslide,2025-05-31,,26.13267,91.71967,Assam,Kamrup Metro
Byrnihat Landslide 3,2025-05-30,,26.035322,91.86799,Meghalaya,Ri Bhoi
Umiam Landslide 1,2025-05-30,,25.66,91.9,Meghalaya,Ri Bhoi
Khalimdisa Landslide,2025-05-30,,25.29,93.14,Assam,Dima Hasao
Panikhaiti Landslide 2,2025-05-30,,26.203957,91.85851,Assam,Kamrup Metro
Atharamura Landslide 2,2025-05-30,,23.889624,91.77528,Tripura,Dhalai
Atharamura Landslide,2025-05-30,,23.883774,91.78459,Tripura,Dhalai
Saikar Landslide 2,2025-05-30,,24.11743,91.9149,Tripura,Dhalai
Saikar Landslide,2025-05-30,,24.106169,91.902084,Tripura,Dhalai
Mahabir Landslide,2025-05-30,,24.115837,91.86679,Tripura,Dhalai
Kaulikura Landslide 4,2025-05-30,,24.295462,92.033356,Tripura,Unakoti
Kaulikura Landslide 3,2025-05-30,,24.290642,92.03518,Tripura,Unakoti
Kaulikura Landslide 2,2025-05-30,,24.295462,92.03335,Tripura,Unakoti
Kaulikura Landslide,2025-05-30,,24.295452,92.03338,Tripura,Unakoti
Panikhaiti Landslide,2025-05-30,,26.203835,91.85836,Assam,Kamrup Metro
Langkyrdem Landslide 2,2025-05-30,,25.344568,91.8906,Meghalaya,East Khasi Hills
Kyntiew Masi Landslide 2,2025-05-30,,25.360403,91.88673,Meghalaya,East Khasi Hills
Kyntiew Masi Landslide,2025-05-30,,25.360928,91.88129,Meghalaya,East Khasi Hills
Rgnain Landslide 2,2025-05-30,,25.382565,91.87439,Meghalaya,East Khasi Hills
Pomlum Landslide 4,2025-05-30,,25.410725,91.87425,Meghalaya,East Khasi Hills
Pomlum Landslide 2,2025-05-30,,25.428806,91.864586,Meghalaya,East Khasi Hills
Lum Thnagding Landslide 4,2025-05-30,,25.437002,91.85824,Meghalaya,East Khasi Hills
Lum Thnagding Landslide 3,2025-05-30,,25.437065,91.8561,Meghalaya,East Khasi Hills
Lum Thnagding Landslide 2,2025-05-30,,25.437626,91.85432,Meghalaya,East Khasi Hills
Umiam Landslide 9,2025-05-30,,25.67051,91.90494,Meghalaya,Ri Bhoi
Umiam Landslide 8,2025-05-30,,25.6792,91.899666,Meghalaya,Ri Bhoi
Umsning Landslide 2,2025-05-30,,25.709074,91.895004,Meghalaya,Ri Bhoi
Umsning Landslide,2025-05-30,,25.70906,91.89498,Meghalaya,Ri Bhoi
Jorabat Landslide,2025-05-30,,26.099228,91.87597,Meghalaya,Ri Bhoi
Ampher Landslide,2025-05-30,,26.08904,91.877365,Meghalaya,Ri Bhoi
Byrnihat Landslide 4,2025-05-30,,26.036278,91.86832,Meghalaya,Ri Bhoi
17 Mile Landslide,2025-05-30,,26.029915,91.86895,Meghalaya,Ri Bhoi
Byrnihat Landslide 2,2025-05-30,,26.016901,91.866615,Meghalaya,Ri Bhoi
Byrnihat Landslide,2025-05-30,,26.01556,91.86894,Meghalaya,Ri Bhoi
Umling Landslide 4,2025-05-30,,25.957096,91.86125,Meghalaya,Ri Bhoi
Umling Landslide 3,2025-05-30,,25.958574,91.86467,Meghalaya,Ri Bhoi
Umling Landslide 2,2025-05-30,,25.927225,91.87506,Meghalaya,Ri Bhoi
Umling Landslide,2025-05-30,,25.926828,91.875206,Meghalaya,Ri Bhoi
Umnget Landslide,2025-05-30,,25.814878,91.87571,Meghalaya,Ri Bhoi
Kwinain Landslide,2025-05-30,,25.823078,91.87242,Meghalaya,Ri Bhoi
Umsamlem Landslide,2025-05-30,,25.758518,91.87999,Meghalaya,Ri Bhoi
Sumer Landslide 1,2025-05-30,,25.690237,91.905334,Meghalaya,Ri Bhoi
Umbang Landslide 2,2025-05-30,,25.686241,91.902824,Meghalaya,Ri Bhoi
Umbang Landslide,2025-05-30,,25.68672,91.9034,Meghalaya,Ri Bhoi
Umiam Landslide 7,2025-05-30,,25.679228,91.89988,Meghalaya,Ri Bhoi
Mawlai Landslide,2025-05-30,,25.617,91.877,Meghalaya,East Khasi Hills
Umiam Landslide 2,2025-05-30,,25.649,91.899,Meghalaya,Ri Bhoi
Umiam Landslide 6,2025-05-30,,25.654,91.898,Meghalaya,Ri Bhoi
Umiam Landslide 5,2025-05-30,,25.653,91.898,Meghalaya,Ri Bhoi
Umiam Landslide 4,2025-05-30,,25.652,91.897,Meghalaya,Ri Bhoi
Umiam Landslide 3,2025-05-30,,25.651,91.899,Meghalaya,Ri Bhoi
Nungdolan Landslide,2025-05-30,Early Morning,24.79515,93.723526,Manipur,Kangpokpi
Gyan Mission School Landslide,2025-05-30,,27.076513,93.65695,Arunachal Pradesh,Papum Pare
Thuampui Landslide,2025-05-30,Early Morning,22.977459,92.7059,Mizoram,Lunglei
Mauchar Landslide,2025-05-30,Early Morning,24.353233,92.91937,Mizoram,Aizawl
Laitkroh Landslide 5,2025-05-30,,25.438131,91.85107,Meghalaya,East Khasi Hills
Laitkroh Landslide 4,2025-05-30,,25.43961,91.8491,Meghalaya,East Khasi Hills
Laitkroh Landslide 3,2025-05-30,,25.440308,91.84712,Meghalaya,East Khasi Hills
Umtyngar Landslide 2,2025-05-30,,25.465551,91.82614,Meghalaya,East Khasi Hills
Mylliem Landslide 13,2025-05-30,,25.465935,91.82263,Meghalaya,East Khasi Hills
Mylliem Landslide 10,2025-05-30,,25.468906,91.8184,Meghalaya,East Khasi Hills
Mylliem Landslide 9,2025-05-30,,25.46944,91.81748,Meghalaya,East Khasi Hills
Mylliem Landslide 8,2025-05-30,,25.471329,91.81608,Meghalaya,East Khasi Hills
Mylliem Landslide 6,2025-05-30,,25.475647,91.81801,Meghalaya,East Khasi Hills
Mylliem Landslide 5,2025-05-30,,25.486801,91.81987,Meghalaya,East Khasi Hills
Mylliem Landslide 4,2025-05-30,,25.487146,91.81948,Meghalaya,East Khasi Hills
Mylliem Landslide 3,2025-05-30,,25.487865,91.81959,Meghalaya,East Khasi Hills
Mylliem Landslide 2,2025-05-30,,25.490862,91.82134,Meghalaya,East Khasi Hills
Bazar Veng Landslide,2025-05-30,10:30 PM,22.530718,92.89863,Mizoram,Lawngtlai
Akonggre Landslide,2025-05-30,,25.510998,90.219826,Meghalaya,West Garo Hills
Mawkamoit Landslide,2025-05-30,,25.588413,91.475624,Meghalaya,Eastern West Khasi Hills
Lummawbah Landslide,2025-05-30,,25.5685,91.86669,Meghalaya,East Khasi Hills
Mylliem Landslide,2025-05-30,,25.491358,91.821815,Meghalaya,East Khasi Hills
Laitkyntung Landslide,2025-05-30,,25.447466,91.7427,Meghalaya,East Khasi Hills
Bana Landslide,2025-05-30,Night,27.306158,92.95388,Arunachal Pradesh,East Kameng
Bonda Landslide,2025-05-30,,26.179508,91.82928,Assam,Kamrup Metro
Wah Bnoh Landslide 4,2025-05-30,,25.42705,91.86312,Meghalaya,East Khasi Hills
Pagala Pahar Landslide,2025-05-30,,25.7981,93.79755,Nagaland,Dimapur
Chungthang Landslide,2025-05-30,,27.609299,88.65213,Sikkim,Mangan
Theeng Landslide,2025-05-30,,27.291597,88.59656,Sikkim,Mangan
Jamiri Landslide,2025-05-30,,27.183315,92.59952,Arunachal Pradesh,West Kameng
ISBT Bypass Landslide 3,2025-05-30,,25.620525,91.90989,Meghalaya,East Khasi Hills
ISBT Bypass Landslide 2,2025-05-30,,25.624798,91.91046,Meghalaya,East Khasi Hills
ISBT Bypass Landslide 1,2025-05-30,,25.62575,91.897026,Meghalaya,East Khasi Hills
Umiam Landslide 12,2025-05-30,,25.652927,91.89804,Meghalaya,East Khasi Hills
Umiam Landslide 11,2025-05-30,,25.660728,91.9014,Meghalaya,Ri Bhoi
Umiam Landslide 10,2025-05-30,,25.662724,91.90127,Meghalaya,Ri Bhoi
Umling (GS Road) Landslide,2025-05-24,,25.924904,91.87609,Meghalaya,Ri Bhoi
Koroibari Landslide,2025-05-22,,26.23,91.69,Assam,Kamrup
Haflong Landslide,2025-05-21,,25.176868,93.00324,Assam,Dima Hasao
Sanklang Landslide,2025-05-21,,27.535631,88.50042,Sikkim,Mangan
Hilltop Colony Landslide,2025-05-20,Early Morning,26.160254,91.69686,Assam,Kamrup Metro
Mamadpur Pt-1 Landslide,2025-05-20,,24.72,92.5,Assam,Sribhumi
Kulinag Landslide,2025-05-20,Early Morning,25.080553,92.36236,Meghalaya,East Jaintia Hills
Shipgyer Landslide (Rockfall),2025-05-16,6:00 PM,27.556137,88.64758,Sikkim,Mangan
Lachung Landslide,2025-05-15,Early Hours,27.694647,88.7463,Sikkim,Mangan
Namak Khola Landslide,2025-05-15,,27.436071,88.51528,Sikkim,Gangtok
Sichey Landslide,2025-05-12,6:30 PM,27.34305,88.60494,Sikkim,Gangtok
Dona Skur Landslide,2025-05-11,Evening Hours,25.048592,92.40813,Meghalaya,East Jaintia Hills
Seling Landslide,2025-05-10,Morning,23.666712,92.89089,Mizoram,Aizawl
Yingkiong Landslide,2025-04-29,,28.622713,95.04372,Arunachal Pradesh,Upper Siang
Rite Landslide,2025-04-29,,27.86772,93.39982,Arunachal Pradesh,Kurung Kumey
Parsi Landslide,2025-04-28,,27.916384,93.50261,Arunachal Pradesh,Kurung Kumey
Kibithoo Landslide,2025-04-25,,28.277672,97.01467,Arunachal Pradesh,Anjaw
Munshithang Landslide,2025-04-24,Night,27.627798,88.620766,Sikkim,Mangan
Lema Landslide,2025-04-24,Night,27.628424,88.686615,Sikkim,Mangan
Tidding Landslide,2025-04-23,,27.987906,96.40653,Arunachal Pradesh,Anjaw
Tagum Landslide,2025-04-23,,27.832651,93.50443,Arunachal Pradesh,Kurung Kumey
Joda Landslide,2025-04-14,,27.228836,95.90869,Arunachal Pradesh,Changlang
Mosing Landslide,2025-04-02,,28.805548,94.801384,Arunachal Pradesh,Upper Siang
Mompani Landslide,2025-04-02,,28.038256,96.43806,Arunachal Pradesh,Anjaw
Janbo Landslide,2025-04-01,,28.771133,94.85587,Arunachal Pradesh,Upper Siang
Rajgobinadapur Landslide,2025-03-31,,24.533691,92.832405,Assam,Cachar
Sonapur Tunnel Landslide,2025-03-18,,25.105621,92.36161,Meghalaya,East Jaintia Hills
Nungdalal Landslide,2025-03-15,,24.76901,93.31356,Manipur,Tamenglong district
Anini Landslide,2025-03-12,,28.788464,95.90884,Arunachal Pradesh,Dibang Valley
Etalin Landslide,2025-03-04,,28.628866,95.8566,Arunachal Pradesh,Dibang Valley
Anini Landslide,2025-02-26,,28.788328,95.90903,Arunachal Pradesh,Dibang Valley
Attesia Landslide,2024-10-05,,25.236002,90.424194,Meghalaya,South Garo Hills
KMC Dumping Landslide,2024-10-04,,25.710897,94.068535,Nagaland,Kohima
Kaspi Landslide,2024-10-04,,27.203922,92.562965,Arunachal Pradesh,West Kameng
Koinadubi Landslide,2024-10-04,,25.267237,90.23766,Meghalaya,West Garo Hills
Awangkhul Rangkhung Landslide,2024-10-01,,24.838034,93.5706,Manipur,Noney
Rang Rang Landslide,2024-09-30,,27.477747,88.52716,Sikkim,Mangan
Lower Tintek Landslide,2024-09-30,,27.378075,88.49725,Sikkim,Gangtok
Kuliang Landslide,2024-09-30,,25.080517,92.36218,Meghalaya,East Jaintia Hills
Ribdi Bhareng Landslide,2024-09-30,,27.176046,88.09037,Sikkim,Soreng
KMC Dumping Landslide,2024-09-09,,25.710966,94.06853,Nagaland,Kohima
Bramadungchung Landslide,2024-09-07,,27.611052,91.85765,Arunachal Pradesh,Tawang
Shangbangla Landslide,2024-09-06,,25.951567,91.86518,Meghalaya,Ri Bhoi
Pherima Landslide,2024-09-03,11:00 PM,25.773952,93.91372,Nagaland,Chumoukedima
Longsa Landslide,2024-08-29,,26.249363,94.53773,Nagaland,Wokha
Pakyong Landslide,2024-08-29,,27.23968,88.593666,Sikkim,Pakyong
Kawnpui Landslide,2024-08-28,,23.994354,92.643936,Mizoram,Kolasib
Etsuchuka Colony Landslide,2024-08-26,3:00 PM,26.098734,94.25499,Nagaland,Wokha
Mokokchung Landslide,2024-08-26,,26.302048,94.58633,Nagaland,Mokokchung
Khonoma Landslide,2024-08-23,,25.670326,94.04216,Nagaland,Kohima
Nutan Bazar Landslide,2024-08-22,,23.423168,91.75562,Tripura,South Tripura
Gardang Landslide,2024-08-22,,23.31297,91.524155,Tripura,South Tripura
Balutar Landslide,2024-08-20,,27.251692,88.459656,Sikkim,Gangtok
Saikar Landslide,2024-08-19,,24.10965,91.908104,Tripura,Dhalai
Debipur Landslide,2024-08-19,,23.167875,91.51687,Tripura,South Tripura
Teliamura Landslide,2024-08-19,,23.839928,91.63496,Tripura,Khowai
Awangkhul Landslide,2024-08-18,,24.819607,93.556465,Manipur,Noney
K. Sinam Landslide,2024-08-18,,24.788933,93.731865,Manipur,Kangpokpi
Kuliang Landslide,2024-08-17,Afternoon,25.080524,92.36212,Meghalaya,East Jaintia Hills
Zubza Landslide,2024-08-14,,25.724445,94.03426,Nagaland,Kohima
Hamleikhong Landslide,2024-08-12,,25.091997,94.35854,Manipur,Ukhrul
Kuliang Landslide,2024-08-12,,25.080524,92.36224,Meghalaya,East Jaintia Hills
Lophukhong  Landslide,2024-08-12,,25.6992,94.93012,Nagaland,Kiphire
Damchera Landslide,2024-08-10,,25.006926,92.747314,Assam,Dima Hasao
Nungba Landslide,2024-08-07,Early Hours,24.756475,93.42788,Manipur,Churachandpur
Kaimai Landslide,2024-08-07,,24.720467,93.26164,Manipur,Tamenglong
Kuliang Landslide,2024-08-06,,25.080524,92.36236,Meghalaya,East Jaintia Hills
Sonapur Tunnel Landslide,2024-08-06,,25.106369,92.36103,Meghalaya,East Jaintia Hills
Jiribam Sonapur Landslide,2024-08-06,,24.750957,93.138794,Manipur,Jiribam
Dzuu Landslide,2024-08-04,,25.671316,94.18373,Nagaland,Kohima
Thanga Part II Landslide,2024-08-01,,24.52563,93.81729,Manipur,Bishnupur
Thanga Ngaram Landslide,2024-08-01,,24.522602,93.81477,Manipur,Bishnupur
Thanga Part I Landslide,2024-08-01,,24.534548,93.83401,Manipur,Bishnupur
Heisnam Landslide,2024-08-01,,24.527111,93.820015,Manipur,Bishnupur
Oinam Landslide,2024-08-01,,24.735023,93.91901,Manipur,Bishnupur
Sinam Landslide,2024-07-29,,24.776396,93.79057,Manipur,Imphal East
Dimthanlong Landslide,2024-07-29,,24.981306,93.49901,Manipur,Tamenglong
Rengpang Landslide,2024-07-29,,24.766315,93.436005,Manipur,Tamenglong
Taodaijang Landslide,2024-07-29,,24.751211,93.46316,Manipur,Tamenglong
Pezielietsie Colony Landslide,2024-07-26,,25.680683,94.10303,Nagaland,Kohima
Lakhuti Landslide,2024-07-22,1:30 AM,26.2956,94.24665,Nagaland,Wokha
Toong Landslide,2024-07-22,,27.56807,88.65081,Sikkim,Mangan
Holongi Landslide,2024-07-22,,27.031002,93.621826,Arunachal Pradesh,Papum Pare
Tchuyiro colony Landslide,2024-07-22,,26.09928,94.25861,Nagaland,Wokha
Munsi Thang Landslide,2024-07-21,,27.821491,88.5491,Sikkim,Mangan
Maupur Landslide,2024-07-18,,26.029621,91.86906,Meghalaya,Ri Bhoi
Wokha Landslide,2024-07-15,5:00 AM,26.107403,94.25558,Nagaland,Wokha
Pahamrinai Landslide,2024-07-14,,25.809076,91.875305,Meghalaya,Ri Bhoi
Palizi Landslide,2024-07-14,,27.30709,92.7929,Arunachal Pradesh,West Kameng
Dadenggre Landslide,2024-07-13,,25.724651,90.193855,Meghalaya,West Garo Hills
Makha Landslide,2024-07-12,,27.351643,88.32418,Sikkim,Gangtok
Bonda Landslide,2024-07-12,,26.179508,91.82924,Assam,Kamrup Metro
Seca Khel Landslide,2024-07-12,,25.607096,94.12725,Nagaland,Kohima
Kuliang Landslide,2024-07-12,Morning,25.08048,92.36241,Meghalaya,East Jaintia Hills
Alahuto Landslide,2024-07-07,4:00 PM,26.0159,94.531075,Nagaland,Zunheboto
Babuk Landslide,2024-07-06,1:00 AM,28.142494,95.09307,Arunachal Pradesh,Siang District
Umran Village,2024-07-06,,25.781195,91.87472,Meghalaya,Ri Bhoi
Palin Landslide,2024-07-05,,27.72775,93.63616,Arunachal Pradesh,Kra Daadi
Mompani Landslide,2024-07-05,,28.047144,96.439964,Arunachal Pradesh,Anjaw
Chessore Landslide,2024-07-05,,26.090935,94.74677,Nagaland,Shamator
Karsingsa Landslide,2024-07-05,Morning,27.12184,93.78363,Arunachal Pradesh,Papum Pare
Shi Yomi Landslide,2024-07-05,,28.697523,94.31614,Arunachal Pradesh,Shi Yomi
8th Mile Landslide,2024-07-04,Night,26.111528,91.84622,Assam,Kamrup Metro
Baghmara Landslide,2024-07-04,,25.19338,90.647415,Meghalaya,South Garo Hills
Kangpokpi Landslide,2024-07-04,11:00 PM,25.131905,93.96529,Manipur,Kangpokpi
Pangin Landslide,2024-07-04,,28.233305,94.98636,Arunachal Pradesh,Siang District
Baghmara 2 Landslide,2024-07-04,,25.210054,90.633675,Meghalaya,South Garo Hills
K.Wongthu Landslide,2024-07-03,,26.185831,94.841675,Nagaland,Tuensang
Kazipphung Landslide,2024-07-03,,25.063913,94.34178,Manipur,Ukhrul
Umiam 4 Landslide,2024-07-02,,25.64923,91.89898,Meghalaya,Ri Bhoi
Zuangtui Landslide,2024-07-02,,23.755236,92.73935,Mizoram,Aizawl
Tiehsaw Landslide,2024-07-02,,25.529009,91.2718,Meghalaya,West Khasi Hills
Umiam 5 Landslide,2024-07-02,,25.650726,91.89869,Meghalaya,Ri Bhoi
Umiam View Point Landslide,2024-07-02,,25.651026,91.894,Meghalaya,Ri Bhoi
Mawlai 3 Landslide,2024-07-02,,25.640972,91.88943,Meghalaya,East khasi Hills
Durtlang Landslide,2024-07-02,,23.762291,92.73362,Mizoram,Aizawl
Mawlai 2 Landslide,2024-07-02,,25.641388,91.8894,Meghalaya,East khasi Hills
Zemabawk Landslide,2024-07-02,Morning,23.733969,92.7463,Mizoram,Aizawl
Pariong Landslide,2024-07-02,,25.466183,91.514336,Meghalaya,West Khasi Hills
Mongkot Chepu Landslide,2024-07-02,9:00 AM,24.954454,94.21625,Manipur,Ukhrul
Bawngkawn Landslide,2024-07-02,Morning,23.755653,92.72946,Mizoram,Aizawl
Shishimi Landslide,2024-07-02,,25.81601,94.61632,Nagaland,Kiphire
Tuensang Landslide,2024-07-02,,26.223057,94.80035,Nagaland,Tuensang
Umiam Dam Landslide,2024-07-01,,25.653137,91.89808,Meghalaya,Ri Bhoi
Division IV Landslide,2024-07-01,,27.090925,93.605705,Arunachal Pradesh,Papum Pare
Baat Landslide,2024-07-01,,27.089317,93.59189,Arunachal Pradesh,Papum Pare
"DIET, Zunheboto Landslide",2024-07-01,,26.006771,94.52164,Nagaland,Zunheboto
Rengchi Landslide,2024-06-30,,27.895164,93.43004,Arunachal Pradesh,Kurung Kumey
Umiam 2 Landslide,2024-06-30,,25.669594,91.90393,Meghalaya,Ri Bhoi
NEPA Landslide,2024-06-30,,25.676048,91.8975,Meghalaya,Ri Bhoi
Jengging Landslide,2024-06-30,,28.676867,94.96448,Arunachal Pradesh,Upper Siang
Umbang 1 Landslide,2024-06-30,,25.682491,91.900696,Meghalaya,Ri Bhoi
Umiam 3 Landslide,2024-06-30,,25.675098,91.89838,Meghalaya,Ri Bhoi
Umbang 2 Landslide,2024-06-30,,25.686237,91.902374,Meghalaya,Ri Bhoi
Sumer Landslide,2024-06-30,,25.692127,91.90634,Meghalaya,Ri Bhoi
Umbang 4 Landslide,2024-06-30,,25.67939,91.89954,Meghalaya,Ri Bhoi
Bana Landslide,2024-06-30,,27.30978,92.95874,Arunachal Pradesh,East Kameng
Umbang 3 Landslide,2024-06-30,,25.686802,91.903145,Meghalaya,Ri Bhoi
Hayuliang Landslide,2024-06-29,,28.06798,96.56551,Arunachal Pradesh,Anjaw
DC Hill Landslide,2024-06-29,,26.01202,94.52143,Nagaland,Zunheboto
Demwe Landslide,2024-06-29,,27.886843,96.37484,Arunachal Pradesh,Lohit
Babuk Landslide,2024-06-29,,28.142214,95.09296,Arunachal Pradesh,Siang District
Tatu Landslide,2024-06-29,,28.519848,94.36134,Arunachal Pradesh,West Siang
Tarak Landslide,2024-06-29,,28.226542,94.8832,Arunachal Pradesh,Siang District
Jullang Landslide,2024-06-29,,27.07383,93.6327,Arunachal Pradesh,Papum Pare
Lingding Landslide,2024-06-28,,27.324677,88.60395,Sikkim,East Sikkim
Tongdentsuyong Landslide,2024-06-28,,26.328053,94.524574,Nagaland,Mokokchung
Sohiong Landslide,2024-06-28,,25.510164,91.70037,Meghalaya,East Khasi Hills
Tippi Landslide,2024-06-26,,27.03649,92.60561,Arunachal Pradesh,West Kameng
Siji Landslide,2024-06-25,,27.923784,94.71168,Arunachal Pradesh,Lower Siang
Itanagar Landslide,2024-06-23,10:30 AM,27.099653,93.62708,Arunachal Pradesh,Papum Pare
Pomlum Landslide,2024-06-19,,25.518951,91.82858,Meghalaya,East Khasi Hills
Bendargool Landslide,2024-06-19,12:45 AM,24.787043,92.52379,Assam,Karimganj
Karsingsa Landslide,2024-06-18,,27.121868,93.78342,Arunachal Pradesh,Papum Pare
Karkhana Landslide,2024-06-17,,25.152775,92.22033,Meghalaya,East Jaintia Hills
Markasa Landslide,2024-06-17,,25.52819,91.43314,Meghalaya,West Khasi Hills
Medical Ward Landslide,2024-06-16,,25.88165,94.78012,Nagaland,Kiphire
Rangfra Landslide,2024-06-16,,27.141176,95.74675,Arunachal Pradesh,Changlang
Simsang Landslide 1,2024-06-15,,25.54999,90.4126,Meghalaya,East Garo Hills
Lummawbah Landslide,2024-06-15,,25.568354,91.86664,Meghalaya,South West Khasi Hills
Lumshnong Landslide,2024-06-15,12:25 PM,25.162582,92.38607,Meghalaya,East jaintia Hills
Dopogre Landslide 2,2024-06-15,,25.314953,90.20007,Meghalaya,West Garo Hills
Dopogre Landslide 1,2024-06-15,,25.314873,90.200066,Meghalaya,West Garo Hills
Kherapara Landslide 4,2024-06-15,,25.324305,90.20507,Meghalaya,West Garo Hills
Kherapara Landslide 3,2024-06-15,,25.324394,90.20513,Meghalaya,West Garo Hills
Kherapara Landslide 2,2024-06-15,,25.324709,90.20545,Meghalaya,West Garo Hills
Kherapara Landslide 1,2024-06-15,,25.338717,90.20378,Meghalaya,West Garo Hills
Santogre Landslide 2,2024-06-15,,25.355738,90.22203,Meghalaya,West Garo Hills
Santogre Landslide 1,2024-06-15,,25.355696,90.22225,Meghalaya,West Garo Hills
Rongbretgre Landslide 4,2024-06-15,,25.39366,90.22566,Meghalaya,West Garo Hills
Rongbretgre Landslide 3,2024-06-15,,25.395992,90.22618,Meghalaya,West Garo Hills
Rongbretgre Landslide 2,2024-06-15,,25.396902,90.22664,Meghalaya,West Garo Hills
Rongbretgre Landslide 1,2024-06-15,,25.399736,90.22306,Meghalaya,West Garo Hills
Dinasagre Landslide 2,2024-06-15,,25.469955,90.22071,Meghalaya,West Garo Hills
Dinasagre Landslide 1,2024-06-15,,25.470968,90.22083,Meghalaya,West Garo Hills
Bomdo Landslide,2024-06-15,,28.74853,94.91033,Arunachal Pradesh,Upper Siang
Mungiakami Landslide,2024-06-15,,23.878866,91.70585,Tripura,West Tripura
Mawkyrwat Landslide,2024-06-15,,25.36897,91.46641,Meghalaya,South West Khasi Hills
Derengre Landslide,2024-06-15,,25.47651,90.223145,Meghalaya,West Garo Hills
Bolpuchring Landslide 3,2024-06-15,,25.496122,90.22229,Meghalaya,West Garo Hills
Bolpuchring Landslide 2,2024-06-15,,25.496702,90.22174,Meghalaya,West Garo Hills
Bolpuchring Landslide 1,2024-06-15,,25.496548,90.22067,Meghalaya,West Garo Hills
Rengsipara Landslide 2,2024-06-15,,25.308134,90.20464,Meghalaya,West Garo Hills
Rengsipara Landslide 1,2024-06-15,,25.308287,90.20456,Meghalaya,West Garo Hills
Rongkon Landslide,2024-06-15,,25.545538,90.23077,Meghalaya,West Garo Hills
Chasingre Landslide,2024-06-15,,25.556377,90.236015,Meghalaya,West Garo Hills
Matchurigre Landslide 7,2024-06-15,,25.555088,90.340614,Meghalaya,West Garo Hills
Matchurigre Landslide 6,2024-06-15,,25.55621,90.3412,Meghalaya,West Garo Hills
Matchurigre Landslide 5,2024-06-15,,25.557146,90.341415,Meghalaya,West Garo Hills
Matchurigre Landslide 4,2024-06-15,,25.561705,90.34938,Meghalaya,West Garo Hills
Matchurigre Landslide 3,2024-06-15,,25.561884,90.35138,Meghalaya,West Garo Hills
Matchurigre Landslide 2,2024-06-15,,25.561888,90.35138,Meghalaya,West Garo Hills
Matchurigre Landslide 1,2024-06-15,,25.561543,90.351456,Meghalaya,West Garo Hills
Durakalakgre Landslide,2024-06-15,,25.547884,90.38568,Meghalaya,East Garo Hills
Simsang Landslide 3,2024-06-15,,25.549017,90.408646,Meghalaya,East Garo Hills
Simsang Landslide 2,2024-06-15,,25.55002,90.41269,Meghalaya,East Garo Hills
Mangrure Landslide 3,2024-06-15,,25.556389,90.42005,Meghalaya,East Garo Hills
Mangrure Landslide 2,2024-06-15,,25.556503,90.42012,Meghalaya,East Garo Hills
Mangrure Landslide 1,2024-06-15,,25.556717,90.42025,Meghalaya,East Garo Hills
Rongram Landslide,2024-06-15,,25.599743,90.25729,Meghalaya,West Garo Hills
Ranikor Landslide,2024-06-15,,25.225819,91.23621,Meghalaya,South West Khasi Hills
Umsamlem Landslide,2024-06-14,,25.800589,91.87519,Meghalaya,Ri Bhoi
Ri Palei Landslide,2024-06-14,,25.82781,91.87429,Meghalaya,Ri Bhoi
Umiam Landslide,2024-06-14,,25.679203,91.89986,Meghalaya,Ri Bhoi
Sangkalang Landslide,2024-06-13,,27.508598,88.52692,Sikkim,North Sikkim
Mangan landslide,2024-06-13,13:25 PM,27.500278,88.53445,Sikkim,North Sikkim
Pakshep Landslide,2024-06-13,,27.506685,88.55658,Sikkim,North Sikkim
Zeema Landslide,2024-06-11,,27.863724,88.54756,Sikkim,North Sikkim
Khantlang Landslide,2024-06-11,,23.750944,92.27094,Mizoram,Mamit District
Pani House Landslide,2024-06-11,,27.32167,88.60993,Sikkim,East Sikkim
Shantinagar Landslide,2024-06-11,,27.235533,88.50579,Sikkim,East Sikkim
Majua Landslide,2024-06-10,6:30 AM,27.294025,88.41938,Sikkim,South Sikkim
Gramya Nagar Landslide,2024-06-03,Daytime,26.160366,91.69821,Assam,Kamrup Metro
Katahbari Landslide,2024-06-03,Daytime,26.125216,91.71827,Assam,Kamrup Metro
Matim Landslide,2024-06-01,,27.627142,88.67311,Sikkim,North Sikkim
Tashi Landslide,2024-06-01,,27.37194,88.61639,Sikkim,East Sikkim
Lumshnong Landslide,2024-05-30,,25.15457,92.36844,Meghalaya,East Jaintia Hills
Lungkhok Landslide,2024-05-30,,25.202045,93.01028,Assam,Dima Hasao
Nongpriang Landslide,2024-05-30,,25.271534,91.748955,Meghalaya,East Khasi Hills
Mahur Landslide,2024-05-30,,25.179895,93.11646,Assam,Dima Hasao
Rudra Nagar Landslide,2024-05-30,,26.190964,91.77573,Assam,Kamrup Metro
Bethel Landslide,2024-05-30,,25.1934,93.02043,Assam,Dima Hasao
Krishna Nagar Landslide,2024-05-29,,26.144955,91.74764,Assam,Kamrup Metro
Lungsei Landslide,2024-05-28,,23.451218,92.68159,Mizoram,Aizawl
Imphal Landslide,2024-05-28,,24.78167,93.777695,Manipur,Imphal
Senapati Landslide,2024-05-28,,25.267628,93.97409,Manipur,Senapati
Aibawk Landslide,2024-05-28,,23.559122,92.70656,Mizoram,Aizawl
Falkawn Landslide,2024-05-28,,23.622236,92.72635,Mizoram,Aizawl
Kikruma Landslide,2024-05-28,,25.579584,94.22053,Nagaland,Phek
Lumparing Landslide,2024-05-28,,25.560963,91.88182,Meghalaya,East khasi Hills
Rilbong Landslide,2024-05-28,,25.567062,91.87149,Meghalaya,East khasi Hills
Mawkynroh Landslide,2024-05-28,,25.625809,91.902596,Meghalaya,East khasi Hills
Mawlai Landslide,2024-05-28,,25.62836,91.893135,Meghalaya,East khasi Hills
Weilong Landslide,2024-05-28,,25.363388,91.61459,Meghalaya,East khasi Hills
Hunthar Landslide,2024-05-28,,23.745054,92.71425,Mizoram,Aizawl
Hlimen Landslide,2024-05-28,Morning Hour,23.68059,92.717674,Mizoram,Aizawl
Rekizu Landslide,2024-05-28,,25.582964,94.298515,Nagaland,Phek
Salem Landslide,2024-05-28,,23.717691,92.7266,Mizoram,Aizawl
Mawphland Landslide,2024-05-28,,25.453314,91.75177,Meghalaya,East khasi Hills
13 KM Landslide,2024-05-28,,25.39193,91.38969,Meghalaya,South West Khasi Hills
Sonapur Tunnel Landslide,2024-05-27,,25.106205,92.36098,Meghalaya,East Jaintia Hills
Subansiri Landslide,2024-05-27,Day Time,27.532524,94.26303,Assam,Dhemaji
Kasom Landslide,2024-05-27,,24.675072,94.271324,Manipur,Ukhrul
Tikok Landslide,2024-05-26,12:30 AM,27.282038,95.73823,Assam,Tinsukia
Shillong Landslide,2024-05-17,,25.568556,91.87381,Meghalaya,East Khasi Hills
Pakyong DC office Landslide,2024-05-17,Afternoon,27.245344,88.61161,Sikkim,Pakyong
3rd Mile Landslide,2024-05-16,,25.569286,91.85616,Meghalaya,East Khasi Hills
Pach Nallah Landslide,2024-05-16,Morning,27.78598,93.5422,Arunachal Pradesh,Kurung Kumey
Borma Landslide,2024-05-16,,25.568237,91.85661,Meghalaya,East Khasi Hills
Damcherra Landslide,2024-05-03,,25.01947,92.76249,Assam,Cachar
Jatinga Landslide,2024-05-01,,25.109873,92.891914,Assam,Dima Hasao
Sonapur  Landslide,2024-04-30,6:00 PM,25.102667,92.35801,Meghalaya,East Jaintia Hills
Hunli and Anini,2024-04-24,5:00 PM,28.233286,95.77758,Arunachal Pradesh,Dibang Valley
Sonapur Tunnel Landslide,2024-02-03,4:00 AM,25.105844,92.36018,Meghalaya,East Jaintia Hills
Subansiri Landslide,2023-10-27,,27.552114,94.25898,Arunachal Pradesh,Lower Subansiri
Pynthorlangtein Landslide,2023-10-08,,25.390614,92.180176,Meghalaya,West Jaintia Hills
Lechubagan Landslide,2023-10-07,,26.152334,91.798065,Assam,Kamrup Metro
Kahilipara Landslide,2023-10-07,,26.141897,91.75701,Assam,Kamrup Metro
Bamunimaidam Landslide,2023-10-06,,26.187105,91.793724,Assam,Kamrup Metro
Kharguli Landslide,2023-10-06,,26.19676,91.76544,Assam,Kamrup Metro
Lhonak Landslide,2023-10-04,,27.912811,88.18362,Sikkim,North Sikkim
Patharkhmah Landslide,2023-09-26,,25.88385,91.615265,Meghalaya,Ri Bhoi
Keitum Landslide,2023-09-11,,23.233976,92.91265,Mizoram,Serchhip
Rupa Landslide,2023-08-27,,27.203192,92.38797,Arunachal Pradesh,West Kameng
Nag Mandir Landslide,2023-08-27,,27.204945,92.54705,Arunachal Pradesh,West Kameng
Noklangsangba Landslide,2023-08-27,,26.653847,94.51346,Nagaland,Mokokchung
Tenzin Landslide,2023-08-27,,27.09638,92.218025,Arunachal Pradesh,West Kameng
Dengzi Landslide,2023-08-27,,27.057522,92.136536,Arunachal Pradesh,West Kameng
Sonapur Tunnel Landslide,2023-08-26,,25.105957,92.36029,Meghalaya,East Jaintia Hills
Mimi Landslide,2023-08-25,,25.70887,94.906815,Nagaland,Kiphire
Lingzing Landslide,2023-08-25,Morning,27.278215,88.08848,Sikkim,West Sikkim
32 No. Landslide,2023-08-24,,27.259935,88.55068,Sikkim,East Sikkim
Lalpani Landslide,2023-08-21,,24.795353,93.03834,Assam,Cachar
Awangkhul Landslide,2023-08-20,7:00 AM,24.82048,93.55041,Manipur,Noney
Siji Landslide,2023-08-18,,27.717104,94.697075,Arunachal Pradesh,Lower Siang
Khongsang Landslide,2023-08-16,,24.826582,93.47773,Manipur,Noney
Awangkhul Landslide,2023-08-16,,24.820486,93.550415,Manipur,Noney
Sonapur Tunnel Landslide,2023-08-10,Night,25.106699,92.36123,Meghalaya,East Jaintia Hills
Hunthar Landslide,2023-08-09,3:00 AM,23.745832,92.713844,Mizoram,Aizawl
Kiphire Town Landslide,2023-08-09,Night,25.876143,94.78475,Nagaland,Kiphire
Lunglei Landslide,2023-08-08,,22.880829,92.76097,Mizoram,Lunglei
Lawngtlai Landslide,2023-08-08,,22.518534,92.889305,Mizoram,Lawngtlai
32 No. Landslide,2023-08-04,,27.259995,88.55059,Sikkim,East Sikkim
Sonapur Tunnel Landslide,2023-08-04,10:00 PM,25.106083,92.360405,Meghalaya,East Khasi Hills
Taliha Landslide,2023-07-28,NULL,28.235584,94.144356,Arunachal Pradesh,Upper Subansiri
"NH 13, Pangin Landslide",2023-07-28,8:30AM,28.14251,95.269295,Arunachal Pradesh,Siang district
Vaivakawn Landslide,2023-07-27,,23.74242,92.70878,Mizoram,Aizawl
MeriemaLandslide,2023-07-17,None,25.709988,94.047806,Nagaland,Kohima
Pangin Landslide,2023-07-16,5:00 AM,28.095266,95.28282,Arunachal Pradesh,Siang district
Kiphire Landslide,2023-07-16,None,25.994081,94.85535,Nagaland,Kiphire
Rafung Khola Landslide,2023-07-14,None,27.299227,88.39087,Sikkim,South Sikkim
Theng Landslide,2023-07-14,None,27.565792,88.64942,Sikkim,North Sikkim
9th Mile Landslide,2023-07-14,None,27.378153,88.728195,Sikkim,East Sikkim
Lingzya Busty Landslide,2023-07-12,8:30 AM,27.535576,88.50033,Sikkim,North Sikkim
Iron bridge landslide,2023-07-10,5:00 AM,25.529814,93.76566,Nagaland,Peren
Choklangan Landslide,2023-07-09,01:00:00,26.106224,95.08095,Nagaland,Noklak
Wonthai Landslide,2023-07-09,,26.197296,95.02028,Nagaland,Noklak
Ehoukeh King,2023-07-09,,26.199009,95.01541,Nagaland,Noklak
Hunthar  Landslide,2023-07-04,,23.74506,92.71425,Mizoram,Aizawl
Pakala Pahar landslide,2023-07-04,5:00 PM,25.798326,93.79773,Nagaland,Chumoukedima
Sonapur Tunnel Landslide,2023-07-03,Morning,25.106073,92.36114,Meghalaya,East Jaintia Hills
Joramuhuria Landslide,2023-06-29,,25.894901,91.43331,Assam,Kamrup
Sonapur Tunnel Landslide,2023-06-23,None,25.105701,92.361275,Meghalaya,East Jaintia Hills
Sessa Landslide,2023-06-23,None,27.10699,92.52516,Arunachal Pradesh,West Kameng
Puroik Landslide,2023-06-23,None,27.101536,93.671455,Arunachal Pradesh,Papum pare
Karsingsa Landslide,2023-06-23,None,27.095932,93.828636,Arunachal Pradesh,Papum pare
Pangin Landslide,2023-06-23,None,28.23372,94.93064,Arunachal Pradesh,West Siang
Umiam View point Landslide,2023-06-22,None,25.68725,91.94867,Meghalaya,Ri Bhoi
PA Sangma Stadium Landslide,2023-06-22,Morning,25.52188,90.18178,Meghalaya,West Garo Hills
Sonapur Tunnel Landslide,2023-06-19,None,25.10595,92.3603,Meghalaya,East Jaintia Hills
Kalej Khola landslide,2023-06-18,None,27.26933,88.25037,Sikkim,West Sikkim
Lower Okhrey Landslide,2023-06-18,None,27.142584,88.10331,Sikkim,West Sikkim
Dentam Landslide,2023-06-18,None,27.254354,88.13678,Sikkim,West Sikkim
Dhirenpara Landslide,2023-06-17,None,26.123802,91.71949,Assam,Kamrup Metro
Darrang Landslide,2023-06-17,None,25.205927,92.02089,Meghalaya,West Jaintia Hills
Dommawlein landslide,2023-06-17,None,25.275152,91.36604,Meghalaya,West Khasi Hills
Laitlarem Landslide,2023-06-17,None,25.446165,91.57097,Meghalaya,East Khasi Hills
Chungthang 2 Landslide,2023-06-16,None,27.60389,88.64646,Sikkim,North Sikkim
Hunthar Landslide,2023-06-16,None,23.745054,92.71425,Mizoram,Aizawl
Sonapur Tunnel Landslide,2023-06-15,None,25.105946,92.36026,Meghalaya,East Jaintia Hills
Rngain Landslide,2023-06-14,None,25.371452,91.87655,Meghalaya,East Khasi Hills
Sonapur Tunnel Landslide,2023-06-14,None,25.10593,92.360245,Meghalaya,East Jaintia Hills
Tippi Landslide,2023-06-12,None,27.026924,92.61017,Arunachal Pradesh,West Kameng
Pynursla Landslide,2023-06-11,None,25.3096,91.90261,Meghalaya,East Khasi Hills
Sonapur Tunnel Landslide,2023-06-10,None,25.10593,92.360245,Meghalaya,East Jaintia Hills
Sonapur Tunnel Landslide,2023-05-27,None,25.105844,92.36018,Meghalaya,East Jaintia Hills
Chungthang Landslide,2023-05-19,None,27.613235,88.6573,Sikkim,North Sikkim
Tura Civil Hospital,2023-05-06,None,25.515018,90.20299,Meghalaya,West Garo Hills
Kurung 2,2023-05-06,None,27.896471,93.4241,Arunachal Pradesh,Kurung Kumey
Kurung 1,2023-05-06,None,27.894518,93.43503,Arunachal Pradesh,Kurung Kumey
Mossing Landslide,2023-05-05,2:00 AM,28.798956,94.77571,Arunachal Pradesh,Upper Siang
Rngain Landslide,2023-04-14,None,25.371447,91.87656,Meghalaya,East Khasi Hills
Sonapur Tunnel Landslide,2023-04-05,None,25.10593,92.360245,Meghalaya,East Jaintia Hills
Subansiri Lower Hydroelectric Project,2023-04-03,None,27.554682,94.259926,Assam,Dhemaji
Teliamura Landslide,2023-03-31,None,23.837263,91.62872,Tripura,Khowai
Sokpay Landslide,2023-03-26,None,27.392355,88.5232,Sikkim,Gangtok
Tuting Landslide,2023-03-24,None,28.782139,94.86048,Arunachal Pradesh,Upper Siang
Roing Anini,2023-02-24,None,28.233286,95.77758,Arunachal Pradesh,Lower Dibang Valley
Hermon Veng,2023-01-26,7.30 PM,23.491709,93.20454,Mizoram,Champhai
Yangang Landslide,2022-11-04,None,27.296944,88.39555,Sikkim,South Sikkim
Poom_landslide,2022-08-31,16:00,27.830093,88.69597,Sikkim,North Sikkim
Republic Landslide,2022-07-26,None,23.719,92.721,Mizoram,Aizawl
Aizawl 1 Landslide,2022-07-26,None,23.741,92.712,Mizoram,Aizawl
Aizawl 2 Landslide,2022-07-26,None,23.74,92.712,Mizoram,Aizawl
Kawnpui 4 Landslide,2022-07-24,None,23.982,92.684,Mizoram,Kolasib
Kawnpui 1 Landslide,2022-07-24,None,23.985,92.682,Mizoram,Kolasib
Thenzawl 6 Landslide,2022-07-24,None,24.254,92.691,Mizoram,Serchhip
Thenzawl 5 Landslide,2022-07-24,None,24.256,92.692,Mizoram,Serchhip
Vairengte Landslide,2022-07-24,None,24.508,92.769,Mizoram,Kolasib
Sialsuk 1 Landslide,2022-07-24,None,24.38,92.715,Mizoram,Aizawl
Sialsuk 2 Landslide,2022-07-24,None,24.366,92.719,Mizoram,Aizawl
Sialsuk 3 Landslide,2022-07-24,None,24.366,92.727,Mizoram,Aizawl
Sialsuk 4 Landslide,2022-07-24,None,24.37,92.73,Mizoram,Aizawl
Sialsuk 5 Landslide,2022-07-24,None,24.362,92.73,Mizoram,Aizawl
Bilkhawthlir 1 Landslide,2022-07-24,None,24.349,92.723,Mizoram,Kolasib
Bilkhawthlir 2 Landslide,2022-07-24,None,24.338,92.721,Mizoram,Kolasib
Bilkhawthlir 3 Landslide,2022-07-24,None,24.325,92.708,Mizoram,Kolasib
Thenzawl 1 Landslide,2022-07-24,None,24.266,92.692,Mizoram,Serchhip
Thenzawl 2 Landslide,2022-07-24,None,24.264,92.692,Mizoram,Serchhip
Thenzawl 3 Landslide,2022-07-24,None,24.263,92.692,Mizoram,Serchhip
Thenzawl 4 Landslide,2022-07-24,None,24.258,92.692,Mizoram,Serchhip
Kawnpui 5 Landslide,2022-07-24,None,23.98,92.684,Mizoram,Kolasib
Kawnpui 3 Landslide,2022-07-24,None,23.983,92.684,Mizoram,Kolasib
Kawnpui 2 Landslide,2022-07-24,None,23.984,92.684,Mizoram,Kolasib
Tupul_yard_landslide,2022-06-30,None,24.80265,93.6709,Manipur,Noney
Sood_landslide,2022-06-19,08:00,27.112083,93.6878,Arunachal Pradesh,Papum Pare
Modirijo_landslide,2022-06-19,None,27.107346,93.650566,Arunachal Pradesh,Papum Pare
Tawipui_road,2022-06-19,None,22.690073,92.84086,Mizoram,Lunglei
Navagarha_guard_wall_collapse,2022-06-19,None,26.19286,91.76223,Assam,Kamrup Metro
Borakhai_tea_estate,2022-06-18,None,24.759151,92.7794,Assam,Cachar
Azadnagar_landslide,2022-06-17,None,26.14118,90.63741,Assam,Gopalpara
Bolsalgre_landslide,2022-06-17,None,25.459652,90.03326,Meghalaya,South Garo Hills
Darrang_landslide,2022-06-17,None,25.206291,92.02121,Meghalaya,West Jaintia Hills
Siju_landslide,2022-06-17,None,25.351841,90.68374,Meghalaya,South Garo Hills
Laitlarem_landslide,2022-06-16,None,25.44632,91.57084,Meghalaya,East Khasi Hills
Nizarpur_landslide,2022-06-12,None,26.11816,91.683105,Assam,Kurung Kumey
Jebalgre_landslide,2022-06-09,None,25.389677,90.060165,Meghalaya,West Garo Hills
Betasingh_landslide,2022-06-09,None,25.507116,89.951546,Meghalaya,South West Garo Hills
Punjabi_dhabha_landslide,2022-05-16,21:30,27.095318,93.62141,Arunachal Pradesh,Papum Pare
Ganga_Jully_basti_road,2022-05-16,None,27.079184,93.61592,Arunachal Pradesh,Papum Pare
L4,2022-05-15,None,25.145105,93.03218,Assam,Dima Hasao
DF5,2022-05-15,None,25.145308,93.02946,Assam,Dima Hasao
DF4,2022-05-15,None,25.144354,93.02944,Assam,Dima Hasao
L9a,2022-05-15,None,25.148092,93.0336,Assam,Dima Hasao
L9b,2022-05-15,None,25.14794,93.03361,Assam,Dima Hasao
L10,2022-05-15,None,25.186506,93.01687,Assam,Dima Hasao
L11,2022-05-15,None,25.18653,93.01751,Assam,Dima Hasao
L12,2022-05-15,None,25.187185,93.01716,Assam,Dima Hasao
L13,2022-05-15,None,25.18724,93.0178,Assam,Dima Hasao
L14,2022-05-15,None,25.188253,93.01809,Assam,Dima Hasao
L15,2022-05-15,None,25.187881,93.01832,Assam,Dima Hasao
L16,2022-05-15,None,25.187809,93.018524,Assam,Dima Hasao
L17,2022-05-15,None,25.187763,93.018745,Assam,Dima Hasao
L18,2022-05-15,None,25.187649,93.01909,Assam,Dima Hasao
L22,2022-05-15,None,25.186731,93.0194,Assam,Dima Hasao
L19,2022-05-15,None,25.186766,93.01914,Assam,Dima Hasao
L27,2022-05-15,None,25.186045,93.01877,Assam,Dima Hasao
L28,2022-05-15,None,25.185911,93.01879,Assam,Dima Hasao
DF3,2022-05-15,None,25.143646,93.02876,Assam,Dima Hasao
L20,2022-05-15,None,25.186756,93.01923,Assam,Dima Hasao
L21,2022-05-15,None,25.186605,93.01952,Assam,Dima Hasao
L23,2022-05-15,None,25.186619,93.019455,Assam,Dima Hasao
L24,2022-05-15,None,25.18669,93.01947,Assam,Dima Hasao
L25,2022-05-15,None,25.186378,93.01897,Assam,Dima Hasao
L26,2022-05-15,None,25.186222,93.01888,Assam,Dima Hasao
L30,2022-05-15,None,25.186321,93.02017,Assam,Dima Hasao
L29,2022-05-15,None,25.186026,93.019104,Assam,Dima Hasao
devi-nala-1,2022-05-15,None,25.03473,92.779236,Assam,Cachar
devi-nala-2,2022-05-15,None,25.035023,92.78028,Assam,Cachar
bandarkhal_nrsc_south1,2022-05-15,None,25.049883,92.80106,Assam,Cachar
bandarkhal_north_1,2022-05-15,None,25.061815,92.79994,Assam,Cachar
bandarkhal_north_2,2022-05-15,None,25.062498,92.79922,Assam,Cachar
bandarkhal_north_east_1,2022-05-15,None,25.066957,92.80956,Assam,Cachar
doloi_chunga_s1,2022-05-15,None,25.082067,92.81372,Assam,Cachar
doloi_chunga_s2,2022-05-15,None,25.065077,92.85103,Assam,Cachar
lodhi_basti1,2022-05-15,None,25.064798,92.8521,Assam,Cachar
lodhi_basti2,2022-05-15,None,25.064266,92.87685,Assam,Cachar
saisi_w1,2022-05-15,None,25.061062,92.87666,Assam,Cachar
nachangjol_1,2022-05-15,None,25.07341,92.8663,Assam,Cachar
Maharajpur,2022-05-15,None,25.08474,92.868065,Assam,Dima Hasao
bungkhang_sw1,2022-05-15,None,25.08061,92.87005,Assam,Dima Hasao
bungkhang_sw2,2022-05-15,None,25.074862,92.87329,Assam,Dima Hasao
bungkhang_3,2022-05-15,None,25.078197,92.88341,Assam,Dima Hasao
bungkhang_1,2022-05-15,None,25.091064,92.733284,Assam,Dima Hasao
bungkhang_2,2022-05-15,None,25.095066,92.737595,Assam,Dima Hasao
doloi_chunga_s3,2022-05-15,None,25.137493,92.73741,Assam,Dima Hasao
doloi_chunga_se1,2022-05-15,None,25.115389,92.75996,Assam,Dima Hasao
nachangjol_2,2022-05-15,None,25.128378,92.78221,Assam,Dima Hasao
nachangjol_3,2022-05-15,None,25.124657,92.77173,Assam,Dima Hasao
nachangjol_4,2022-05-15,None,25.106842,92.77259,Assam,Dima Hasao
new_harangjao1,2022-05-15,None,25.111677,92.8712,Assam,Dima Hasao
new_harangjao2,2022-05-15,None,25.110813,92.8845,Assam,Dima Hasao
new_harangjao3,2022-05-15,None,25.103504,92.88966,Assam,Dima Hasao
harangajao_nw,2022-05-15,None,25.147371,92.820015,Assam,Dima Hasao
khomunom,2022-05-15,None,25.069427,93.1018,Assam,Dima Hasao
hill_haflong1,2022-05-15,None,25.15346,93.0184,Assam,Dima Hasao
jatinga_lumpur,2022-05-15,None,25.127455,92.9266,Assam,Dima Hasao
L1,2022-05-15,None,25.151909,93.03285,Assam,Dima Hasao
DF1,2022-05-15,None,25.149664,93.03088,Assam,Dima Hasao
DF2,2022-05-15,None,25.149872,93.03178,Assam,Dima Hasao
L2,2022-05-15,None,25.148912,93.031586,Assam,Dima Hasao
L3,2022-05-15,None,25.14752,93.03081,Assam,Dima Hasao
L8,2022-05-15,None,25.145393,93.028824,Assam,Dima Hasao
L5,2022-05-15,None,25.145468,93.03013,Assam,Dima Hasao
L7,2022-05-15,None,25.144587,93.02707,Assam,Dima Hasao
L6,2022-05-15,None,25.141546,93.03085,Assam,Dima Hasao
DF6,2022-05-15,None,25.143412,93.03172,Assam,Dima Hasao
Hokai_pungchi,2022-05-14,None,25.159405,92.9836,Assam,Dima Hasao
Sulung_tapin_landslide,2022-04-19,None,27.856197,93.27676,Arunachal Pradesh,Papum Pare
Byndihati-Umtyra_1,2022-04-13,None,25.299032,92.386284,Meghalaya,Jaintia Hills
Nongsning_1,2022-04-13,None,25.263586,92.38365,Meghalaya,Jaintia Hills
Byndihati-Umtyra_9,2022-04-13,None,25.297401,92.38735,Meghalaya,Jaintia Hills
Byndihati-Umtyra_4,2022-04-13,None,25.29842,92.386955,Meghalaya,Jaintia Hills
Byndihati-Umtyra_3,2022-04-13,None,25.29857,92.386894,Meghalaya,Jaintia Hills
Byndihati-Umtyra_2,2022-04-13,None,25.298933,92.38648,Meghalaya,Jaintia Hills
Byndihati-Umtyra_Road_Creep,2022-04-13,None,25.300713,92.3835,Meghalaya,Jaintia Hills
Before_Sonapur3,2022-04-13,None,25.113762,92.37368,Meghalaya,Jaintia Hills
Before_Sonapur2,2022-04-13,None,25.12547,92.38578,Meghalaya,Jaintia Hills
3km_before_sonapur_1,2022-04-13,None,25.129538,92.388245,Meghalaya,Jaintia Hills
HP_petrol_pump_tongseng_3,2022-04-13,None,25.140808,92.37898,Meghalaya,Jaintia Hills
HP_petrol_pump_tongseng_2,2022-04-13,None,25.140772,92.37903,Meghalaya,Jaintia Hills
HP_petrol_pump_tongseng_1,2022-04-13,None,25.14076,92.379005,Meghalaya,Jaintia Hills
Tongseng4,2022-04-13,None,25.144033,92.37443,Meghalaya,Jaintia Hills
Tongseng3,2022-04-13,None,25.1438,92.37366,Meghalaya,Jaintia Hills
Tongseng2,2022-04-13,None,25.143984,92.373055,Meghalaya,Jaintia Hills
Tongseng1,2022-04-13,None,25.147703,92.37676,Meghalaya,Jaintia Hills
Umlaper_tea_stall_1,2022-04-13,None,25.150444,92.36781,Meghalaya,Jaintia Hills
Lumshnong_1,2022-04-13,None,25.190948,92.37552,Meghalaya,Jaintia Hills
Thangskai_1,2022-04-13,None,25.220339,92.37896,Meghalaya,Jaintia Hills
Shiehruphi_1,2022-04-13,None,25.242348,92.3757,Meghalaya,Jaintia Hills
Nongsning_12,2022-04-13,None,25.259485,92.38551,Meghalaya,Jaintia Hills
Malidor_Indian_oil_pp1,2022-04-10,None,25.031443,92.45863,Assam,Cachar
Malidor_after_bridge_2,2022-04-10,None,25.029991,92.464066,Assam,Cachar
Malidor_after_bridge_1,2022-04-10,None,25.031351,92.463036,Assam,Cachar
Malidor_meghalaya_1,2022-04-10,Midnight,25.033175,92.45981,Assam,Cachar
Malidor_meghalaya_4,2022-04-10,None,25.031765,92.455505,Assam,Cachar
Malidor_Indian_oil_pp2,2022-04-10,None,25.03144,92.458496,Assam,Cachar
Wensoi Landslide,2021-11-08,-,26.25008,95.0615,Nagaland,Tuensang
Pani House Landslide,2021-10-20,-,27.32459,88.609436,Sikkim,East Sikkim
Pandu_landslide,2021-10-20,-,26.170252,91.69016,Assam,Kamrup metro
Khulmulen-Sajik landslide,2021-10-09,-,24.005219,93.91583,Manipur,Chandel
Thingsulthliah landslide,2021-10-09,-,23.689863,92.85943,Mizoram,Aizawl
20_landslides_BCT_road,2021-09-20,-,27.104443,92.56607,Arunachal Pradesh,West Kameng
Raga landslide,2021-09-09,-,27.794025,94.07395,Arunachal Pradesh,Lower Subansiri
Chedang Saddle Landslide,2021-09-09,-,26.23259,94.93942,Nagaland,Tuensang
Bongten-Changay Landslide,2021-08-29,-,27.276428,88.15823,Sikkim,West Sikkim
Jorethang-Legship Landslide,2021-08-27,-,27.221268,88.30746,Sikkim,West Sikkim
Sarsima Landlside,2021-08-26,-,23.2463,91.48073,Tripura,South
Zochachhuah landslide,2021-08-26,-,22.130154,92.761696,Mizoram,Lawngtlai
Jharjhari landslide,2021-08-26,-,23.228159,91.494286,Tripura,South
Burapahar Landslide,2021-08-25,-,26.57476,93.11099,Assam,Nagaon
Muneew Tareybhir Landslide,2021-08-24,-,27.1624,88.152084,Sikkim,West Sikkim
Samsing Shanti Turn Landslide,2021-08-24,-,27.250223,88.61499,Sikkim,East Sikkim
S_kholep_landslide,2021-08-20,-,24.503658,93.50938,Manipur,Churachandpur
Pungro-Mimi landslide,2021-08-17,-,25.7623,94.863045,Nagaland,Kiphire
Awang_khul_landslide,2021-08-16,-,24.82604,93.56119,Manipur,Tamenglong
Tuting_Yingkiong_landslide,2021-08-13,-,28.84961,94.74865,Arunachal Pradesh,Upper Siang
Sirki Waterfall Landslide,2021-08-13,14:48,28.122053,95.27484,Arunachal Pradesh,East Siang
Likabali_Basar_landslide,2021-08-13,-,27.784222,94.72132,Arunachal Pradesh,West Siang
Basilakha_landslide,2021-08-08,-,27.255463,88.59728,Sikkim,East Sikkim
Borabari_landslide,2021-08-06,14:30,26.154238,91.810524,Assam,Kamrup metro
Lower Etsuchuka Colony landslide,2021-08-06,-,26.0929,94.25462,Nagaland,Wokha
Police_Point_landslide,2021-08-06,-,26.096249,94.25429,Nagaland,Wokha
Airfield_colony_landslide,2021-08-06,-,26.091211,94.246956,Nagaland,Wokha
Sanis_Doyang_landslide,2021-08-05,-,26.208542,94.22194,Nagaland,Wokha
Lamlenkon_landslide,2021-08-02,3:30,25.24112,93.857704,Manipur,Tamenglong
Kuliang_landslide,2021-08-02,7:00,25.081741,92.36206,Meghalaya,Jaintia Hills
Pfutsero-Lanye Landslide,2021-07-31,-,25.723469,94.40295,Nagaland,Phek
Seley_Ward_landslide,2021-07-31,-,27.36654,88.48781,Sikkim,East Sikkim
Seti Jhora Landslide,2021-07-31,-,26.939386,88.441414,Sikkim,Kalimpong
Pfutsero-Khomi-Phek landslide,2021-07-31,-,25.659725,94.409424,Nagaland,Phek
Sisney Landslide,2021-07-30,-,27.146368,88.28041,Sikkim,West Sikkim
Mamkhola Landslide,2021-07-30,-,27.142902,88.53194,Sikkim,Kalimpong
Melli 2 Landslide,2021-07-30,-,27.10871,88.46675,Sikkim,Kalimpong
Melli_Jorethang_landslide,2021-07-30,-,27.111336,88.32593,Sikkim,South Sikkim
Melli Bazaar Landslide,2021-07-30,-,27.090725,88.45682,Sikkim,South Sikkim
Melli Secondary School Landslide,2021-07-29,-,27.090965,88.45744,Sikkim,South Sikkim
Chahmol_landslide,2021-07-26,-,24.319567,94.16025,Manipur,Chandel
Wangshu_PwD_Road_landslide,2021-07-20,-,26.046658,94.76711,Nagaland,Tuensang
Bualtei landslide,2021-07-19,-,22.805046,92.81657,Mizoram,Lunglei
Sibilong_temple_landslide,2021-07-19,-,24.767366,93.332535,Manipur,Tamenglong
Thingou_landslide,2021-07-19,14:50,24.818354,93.44025,Manipur,Tamenglong
Phek_landslide,2021-07-14,-,25.603106,94.68675,Nagaland,Phek
Losami_Phek_landslide,2021-07-12,-,25.657787,94.43881,Nagaland,Phek
Tode landslide,2021-07-08,-,27.965813,94.46781,Arunachal Pradesh,Upper Subansiri
Garu Landslide,2021-06-30,-,27.796144,94.71335,Arunachal Pradesh,West Siang
Tura_dalu_stretch,2021-06-30,-,25.499357,90.21467,Meghalaya,West Garo Hills
Pasighat_Yingkiong_Landslide,2021-06-30,-,28.214773,95.2351,Arunachal Pradesh,Upper Siang
Malikona_Village_landslide,2021-06-30,-,25.202694,90.83192,Meghalaya,South Garo Hills
Rotlung Landslide,2021-06-27,-,28.15361,95.18139,Arunachal Pradesh,East Siang
Sangam_bridge_collapse,2021-06-27,-,28.233723,94.9963,Arunachal Pradesh,East Siang
Tamei_landslide,2021-06-24,-,25.158297,93.67799,Manipur,Tamenglong
Kuthong Landslide,2021-06-22,1:30,26.911945,95.603615,Arunachal Pradesh,Tirap
Water_works_colony_landslide,2021-06-18,4:30,26.162785,91.69463,Assam,Kamrup metro
Bhalukhola_landslide,2021-06-18,-,27.09117,88.46469,Sikkim,Kalimpong
Pekong Landslide,2021-06-17,-,28.936253,94.84254,Arunachal Pradesh,Upper Siang
Mini_Secretariat_landlside,2021-06-16,-,25.091768,94.35842,Manipur,Ukhrul
Thuampui landslide,2021-06-11,21:30:00,23.74192,92.74174,Mizoram,Aizawl
Tashi Namgyal Secondary School Landslide,2021-06-09,-,27.343271,88.60828,Sikkim,East Sikkim
Leporiang Landslide,2021-06-08,morning,27.241524,93.335976,Arunachal Pradesh,Papum Pare
Tamei2_landslide,2021-06-07,-,25.158297,93.67799,Manipur,Tamenglong
Tujang_Waichong_landslide,2021-06-06,-,25.217562,93.82014,Manipur,Senapati
BCT Road Landslide,2021-06-05,9:30,27.326763,92.43801,Arunachal Pradesh,West Kameng
Seesa Golai Landslide,2021-06-01,-,27.326815,88.61023,Sikkim,East Sikkim
IG Park Landslide,2021-05-31,-,27.095984,93.62232,Arunachal Pradesh,Papum Pare
Nechipu_Saddle_landslide,2021-05-25,-,27.208118,92.47977,Arunachal Pradesh,West Kameng
Piphema_landslide,2021-05-10,7:00,25.766188,93.94068,Nagaland,Dimapur
Membachur_Garbow_landslide,2021-04-28,-,27.186598,92.303986,Arunachal Pradesh,West Kameng
Kyonsola_waterfall_landslide,2021-03-25,-,27.376583,88.72834,Sikkim,East Sikkim
Sonapani_landslide,2021-02-24,-,25.585545,91.86466,Meghalaya,East Khasi Hills
TL Park 2 landslide,2021-02-17,-,25.772598,93.806,Nagaland,Dimapur
TL Park landslide,2021-02-02,-,25.793499,93.80566,Nagaland,Dimapur
Shobhala,2020-10-24,None,25.746,91.889,Meghalaya,Ri-bhoi
Khongnem-Thana,2020-10-23,None,25.355955,94.06528,Manipur,Senapati
Tumpui_veng1,2020-10-21,Night,24.231943,92.67528,Mizoram,Kolasib
Phullen3,2020-10-13,4:30 P.M,23.84111,93.05194,Mizoram,Aizawl
Zembawk_1,2020-10-06,3:05 P.M,23.731928,92.760025,Mizoram,Aizawl
Lower PWD,2020-10-04,None,25.662,94.106,Nagaland,Kohima
Khazawl1,2020-10-03,Night,23.523083,93.19319,Mizoram,Champhai
Rulchawm1,2020-10-02,7:45 P.M,23.6625,92.9675,Mizoram,Aizawl
Boom Tafel,2020-10-02,8:30 P.M.,27.2206,88.2034,Sikkim,West Sikkim
Vaivakawn_1,2020-10-02,9:00 P.M,23.73952,92.71415,Mizoram,Aizawl
Venglai_1,2020-10-01,8:30 P.M,23.740454,92.72158,Mizoram,Aizawl
Maubawk_2,2020-09-27,3:05 P.M,23.72324,92.70033,Mizoram,Aizawl
Thangshalai,2020-09-27,None,25.590668,92.05989,Meghalaya,East Khasi Hills
L267,2020-09-26,None,25.5573,91.86076,Meghalaya,East khasi hills
L48,2020-09-25,None,25.552668,91.97107,Meghalaya,East khasi hills
Dhobi Ghat Landslide,2020-09-25,Early morning,25.561,91.88,Meghalaya,East Khasi Hills
L261,2020-09-25,None,25.4717,91.74595,Meghalaya,East khasi hills
L277,2020-09-25,None,25.4895,91.8215,Meghalaya,East khasi hills
L278,2020-09-25,None,25.5097,91.817,Meghalaya,East khasi hills
L260,2020-09-25,None,25.45,91.61,Meghalaya,East khasi hills
L47,2020-09-25,None,25.524616,91.92699,Meghalaya,East khasi hills
L285,2020-09-24,None,25.29,91.5,Meghalaya,East khasi hills
L272,2020-09-24,None,25.5035,91.8062,Meghalaya,East khasi hills
L338,2020-09-24,None,25.624443,91.16778,Meghalaya,West Khasi Hills
L281,2020-09-24,None,25.5035,91.8062,Meghalaya,East khasi hills
L282,2020-09-24,None,25.4895,91.8215,Meghalaya,East khasi hills
L287,2020-09-24,None,25.29,91.5,Meghalaya,East khasi hills
L266,2020-09-24,None,25.563,91.8409,Meghalaya,East khasi hills
landslide at Ryndang briew,2020-09-24,None,25.65,91.893,Meghalaya,East Khasi Hills
Bawngkawn_1,2020-09-22,3:00 A.M,23.721556,92.731186,Mizoram,Aizawl
Patkai Bridge to Kukidolong road strech,2020-09-19,5:00 A.M.,25.770794,93.814735,Nagaland,Dimapur
L324,2020-09-17,None,25.574167,89.99917,Meghalaya,South West Garo Hills
L323,2020-09-17,None,25.567778,89.992775,Meghalaya,South West Garo Hills
L330,2020-09-17,None,25.501389,89.943054,Meghalaya,South West Garo Hills
L331,2020-09-17,None,25.589167,89.98556,Meghalaya,South West Garo Hills
L328,2020-09-17,None,25.581388,89.97,Meghalaya,South West Garo Hills
L325,2020-09-17,None,25.589167,89.98556,Meghalaya,South West Garo Hills
L332,2020-09-17,None,25.5525,89.937225,Meghalaya,South West Garo Hills
L326,2020-09-17,None,25.577778,90.005554,Meghalaya,South West Garo Hills
L329,2020-09-17,None,25.544167,89.93222,Meghalaya,South West Garo Hills
Bandardewa Landslide,2020-09-17,None,27.104,93.826,Arunachal Pradesh,Papum Pare
L327,2020-09-17,None,25.559723,89.98194,Meghalaya,South West Garo Hills
Patkai Bridge to Kukidolong road strech,2020-09-12,None,25.793833,93.805565,Nagaland,Dimapur
Gangtok_Rangpo_landslides,2020-09-08,None,27.261,88.553,Sikkim,East Sikkim
20 Mile Bardun,2020-09-08,None,27.286,88.59,Sikkim,East Sikkim
Gai Dhara Landslide,2020-09-08,None,27.256,88.546,Sikkim,East Sikkim
Patkai Bridge to Kukidolong road strech,2020-09-07,None,25.796417,93.80233,Nagaland,Dimapur
L334,2020-09-06,None,25.582556,90.57521,Meghalaya,East Garo Hills
Maubuang_1,2020-08-31,Night,23.48888,92.70826,Mizoram,Aizawl
L211,2020-08-30,None,25.347097,91.76536,Meghalaya,East khasi hills
Kotlen,2020-08-28,11: 00 A.M,24.792,93.696,Manipur,Senapati
Electric_veng5,2020-08-24,Evening,23.533611,92.89083,Mizoram,Serchhip
L106,2020-08-20,None,25.187498,91.761894,Meghalaya,East khasi hills
L294,2020-08-20,None,25.38,92.57937,Meghalaya,East jaintia hills
Khongkhang,2020-08-20,None,24.318,94.222,Manipur,Chandel
Electric_veng4,2020-08-20,Night,22.534166,92.88944,Mizoram,Lawngtlai
L303,2020-08-20,None,25.375587,92.58505,Meghalaya,East jaintia hills
L156,2020-08-20,None,25.223053,91.75064,Meghalaya,East khasi hills
L131,2020-08-20,None,25.22238,91.75616,Meghalaya,East khasi hills
Laii Village,2020-08-20,02:45 A.M,25.498,94.387,Manipur,Senapati
"Mehruliesta, Paramedical Colony",2020-08-19,11:45 A.M,25.664,94.091,Nagaland,Kohima
DC Hill West Colony,2020-08-17,None,26.01,94.519,Nagaland,Zunheboto
Phullen2,2020-08-17,07:45 P.M,23.855618,93.0475,Mizoram,Aizawl
"Alongmen Ward, Mokochung",2020-08-15,None,26.326,94.522,Nagaland,Mokokchung
Akuluto Town,2020-08-14,None,26.166,94.487,Nagaland,Zunheboto
Maubawk_3,2020-08-13,6:00 P.M,23.751072,92.695946,Mizoram,Aizawl
Khenjonglang Landslide,2020-08-11,4:00 A.M,24.748,93.986,Manipur,Imphal east
L322,2020-08-09,None,25.275,89.5919,Meghalaya,South West Garo Hills
Hnahlan-1,2020-08-08,Evening,23.692778,93.382774,Mizoram,Champhai
Jorengthang Landslide,2020-08-06,None,27.163,88.311,Sikkim,South Sikkim
Electric_veng3,2020-08-04,Night,23.533611,92.891945,Mizoram,Serchhip
College_veng1,2020-08-03,Evening,22.533611,92.5575,Mizoram,Lawngtlai
Bazaar_veng1,2020-08-03,Night,22.527222,92.89889,Mizoram,Lawngtlai
Electric_veng2,2020-08-03,Evening,22.536112,92.889725,Mizoram,Lawngtlai
College_veng2,2020-08-02,Night,22.515556,92.896385,Mizoram,Lawngtlai
Zotlang-1,2020-08-01,Evening,23.692778,93.382774,Mizoram,Champhai
Tura Highway landslide,2020-07-24,None,25.726,90.394,Meghalaya,West Garo Hills
L302,2020-07-21,None,0.0,0.0,Meghalaya,East jaintia hills
K Sinam Village_NH 37,2020-07-21,None,24.925,93.985,Manipur,Senapati
Vaivakawn_2,2020-07-17,Night,23.739746,92.708725,Mizoram,Aizawl
Mawthadraishan C andRD,2020-07-14,None,25.516,91.469,Meghalaya,West Khasi Hills
Nongstoin Block CandRD,2020-07-14,None,25.523,91.272,Meghalaya,West Khasi Hills
Mawshynrut C and D block,2020-07-14,None,25.676,91.055,Meghalaya,West Khasi Hills
L339,2020-07-13,None,25.551666,90.81416,Meghalaya,West Khasi Hills
L337,2020-07-13,None,25.26278,90.5069,Meghalaya,South Garo Hills
L336,2020-07-13,None,25.26278,90.5069,Meghalaya,South Garo Hills
L335,2020-07-13,None,25.26278,90.5069,Meghalaya,South Garo Hills
Jorabat Landslide,2020-07-12,None,26.102,91.863,Assam,Kamrup metro
Police Reserve,2020-07-12,None,25.581,91.884,Meghalaya,East Khasi Hills
L333,2020-07-12,None,25.592367,90.57833,Meghalaya,East Garo Hills
Mamit2,2020-07-11,Night,23.916945,92.492226,Mizoram,Mamit
Melriat_1,2020-07-11,Night,23.562675,92.72628,Mizoram,Aizawl
L271,2020-07-11,None,25.49393,91.81968,Meghalaya,East khasi hills
Nongstoin � Tura By-pass�,2020-07-11,None,25.528,91.262,Meghalaya,West Khasi Hills
High School Area,2020-07-11,None,25.689,94.098,Nagaland,Kohima
Laitlyngkot-Pomlum,2020-07-11,None,25.448,91.84,Meghalaya,East Khasi Hills
Mawthawiang�,2020-07-10,None,25.43,91.471,Meghalaya,West Khasi Hills
Tigdo Landslide,2020-07-10,2:30 A.M,27.134693,93.74347,Arunachal Pradesh,Papum Pare
Phullen5,2020-07-10,Night,23.673332,92.88556,Mizoram,Aizawl
Sailam_1,2020-07-10,11:00 A.M,23.350964,92.7973,Mizoram,Aizawl
Modrijo,2020-07-10,None,27.107,93.698,Arunachal Pradesh,Papum Pare
L43,2020-07-10,None,25.378433,91.9854,Meghalaya,East khasi hills
Mawthawpdah-Rangdikhew road,2020-07-09,None,25.417,91.416,Meghalaya,West Khasi Hills
L249,2020-07-09,None,25.287216,91.71739,Meghalaya,East khasi hills
L321,2020-07-08,None,25.471905,89.953,Meghalaya,South West Garo Hills
Between Xuivi and Kilomi District,2020-07-08,None,25.873,94.441,Nagaland,Zunheboto
Electric_veng1,2020-07-07,Evening,22.536667,92.88722,Mizoram,Lawngtlai
Twilang Landslide,2020-07-06,None,25.236,93.911,Manipur,Senapati
Bawngkawn_2,2020-07-04,3:00 A.M,23.720222,92.728676,Mizoram,Aizawl
L274,2020-06-29,None,25.5035,91.8062,Meghalaya,East khasi hills
Mangang-Chungtohong Road,2020-06-29,None,27.502,88.535,Sikkim,North Sikkim
Landslide near Fambrong Falls,2020-06-28,None,27.357,88.232,Sikkim,West Sikkim
Guwahati Landslied,2020-06-28,None,26.196,91.765,Assam,Kamrup metro
L143,2020-06-27,None,25.217028,91.74226,Meghalaya,East khasi hills
L39,2020-06-27,None,25.37435,91.981186,Meghalaya,East khasi hills
L340,2020-06-27,None,25.6,91.178055,Meghalaya,West Khasi Hills
Mangan-Sangkhalang Road,2020-06-27,None,27.506,88.528,Sikkim,North Sikkim
L265,2020-06-27,None,25.566,91.845,Meghalaya,East khasi hills
L222,2020-06-27,None,25.34702,91.76776,Meghalaya,East khasi hills
Tessta V NHPC Landslide,2020-06-27,None,27.251,88.459,Sikkim,East Sikkim
Uphill Panang Landslide,2020-06-27,8:00 P.M,27.52,88.509,Sikkim,North Sikkim
SDMA_AS_2020_North Guwahati3,2020-06-27,6:00 P.M,26.262201,91.75978,Assam,Kamrrup Rural
L273,2020-06-27,None,25.5035,91.8062,Meghalaya,East khasi hills
L218,2020-06-27,None,25.393795,91.766815,Meghalaya,East khasi hills
L227,2020-06-27,None,25.33172,91.79079,Meghalaya,East khasi hills
L231,2020-06-27,None,25.326237,91.803795,Meghalaya,East khasi hills
L293,2020-06-27,None,25.29,91.49,Meghalaya,East khasi hills
L292,2020-06-27,None,25.29,91.5,Meghalaya,East khasi hills
L291,2020-06-27,None,25.29,91.5,Meghalaya,East khasi hills
L270,2020-06-27,None,25.49052,91.805,Meghalaya,East khasi hills
L290,2020-06-27,None,25.29,91.5,Meghalaya,East khasi hills
L289,2020-06-27,None,25.29,91.5,Meghalaya,East khasi hills
L288,2020-06-27,None,25.29,91.5,Meghalaya,East khasi hills
L269,2020-06-27,None,25.48429,91.82072,Meghalaya,East khasi hills
L268,2020-06-27,None,25.496,91.81946,Meghalaya,East khasi hills
L263,2020-06-27,None,25.566,91.845,Meghalaya,East khasi hills
L264,2020-06-27,None,25.56,91.84,Meghalaya,East khasi hills
L148,2020-06-27,None,25.218138,91.7434,Meghalaya,East khasi hills
L283,2020-06-27,None,25.4617,91.8357,Meghalaya,East khasi hills
L280,2020-06-27,None,25.4895,91.8215,Meghalaya,East khasi hills
L279,2020-06-27,None,25.5097,91.817,Meghalaya,East khasi hills
Lum Village,2020-06-27,None,27.389505,88.47566,Sikkim,North Sikkim
Hee Gyanthang,2020-06-27,None,27.456923,88.48735,Sikkim,North Sikkim
Barfok-Lingdok GPU,2020-06-27,None,27.505192,88.50451,Sikkim,North Sikkim
L276,2020-06-27,None,25.4895,91.8215,Meghalaya,East khasi hills
L275,2020-06-27,None,25.4895,91.8215,Meghalaya,East khasi hills
SDMA_AS_2020_North Guwahati2,2020-06-27,6:00 P.M,26.254368,91.76268,Assam,Kamrrup Rural
L244,2020-06-26,None,25.217028,91.74226,Meghalaya,East khasi hills
L254,2020-06-26,None,25.323774,91.704445,Meghalaya,East khasi hills
L240,2020-06-26,None,25.32275,91.70465,Meghalaya,East khasi hills
SDMA_AS_2020_North Guwahati1,2020-06-26,4:00 P.M,26.214209,91.69352,Assam,Kamrrup Rural
L241,2020-06-26,None,25.321398,91.70504,Meghalaya,East khasi hills
L242,2020-06-26,None,25.321072,91.70549,Meghalaya,East khasi hills
L243,2020-06-26,None,25.291964,91.71027,Meghalaya,East khasi hills
L255,2020-06-26,None,25.322756,91.704636,Meghalaya,East khasi hills
L34,2020-06-26,None,25.385916,91.98962,Meghalaya,East khasi hills
SDMA_AS_2020_Kahilipara Slide,2020-06-26,None,26.146,91.756,Assam,Kamrup metro
SDMA_AS_2020_Amingaon Slide 01,2020-06-25,None,26.210833,91.689445,Assam,Kamrrup Rural
North_Sikkim_cutoff_event_2,2020-06-25,None,27.453,88.61,Sikkim,North Sikkim
Donyi Colony,2020-06-25,8:12 A.M,27.081306,93.61283,Arunachal Pradesh,Papum Pare
North_Sikkim_cutoff_event_3,2020-06-25,None,27.384,88.505,Sikkim,East Sikkim
L138,2020-06-25,None,25.219904,91.74852,Meghalaya,East khasi hills
North_Sikkim_cutoff_event_1,2020-06-25,None,27.411,88.546,Sikkim,North Sikkim
L135,2020-06-24,None,25.220486,91.76816,Meghalaya,East khasi hills
L60,2020-06-24,None,25.242388,91.68635,Meghalaya,East khasi hills
L62,2020-06-24,None,25.23164,91.68306,Meghalaya,East khasi hills
L68,2020-06-24,None,25.24625,91.69045,Meghalaya,East khasi hills
L70,2020-06-24,None,25.24733,91.69256,Meghalaya,East khasi hills
L72,2020-06-24,None,25.210033,91.64796,Meghalaya,East khasi hills
L75,2020-06-24,None,25.207712,91.643585,Meghalaya,East khasi hills
L78,2020-06-24,None,25.199503,91.639565,Meghalaya,East khasi hills
L80,2020-06-24,None,25.24625,91.69045,Meghalaya,East khasi hills
L82,2020-06-24,None,25.24733,91.69256,Meghalaya,East khasi hills
L95,2020-06-24,None,25.242388,91.68635,Meghalaya,East khasi hills
L165,2020-06-24,None,25.207712,91.643585,Meghalaya,East khasi hills
L168,2020-06-24,None,25.199503,91.639565,Meghalaya,East khasi hills
L170,2020-06-24,None,25.259016,91.64884,Meghalaya,East khasi hills
L171,2020-06-24,None,25.23164,91.68306,Meghalaya,East khasi hills
L195,2020-06-24,None,25.355244,91.767845,Meghalaya,East khasi hills
L205,2020-06-24,None,25.323166,91.79825,Meghalaya,East khasi hills
L251,2020-06-24,None,25.256828,91.65249,Meghalaya,East khasi hills
L252,2020-06-24,None,25.261497,91.65043,Meghalaya,East khasi hills
L253,2020-06-24,None,25.262333,91.64691,Meghalaya,East khasi hills
L93,2020-06-17,None,25.244923,91.68985,Meghalaya,East khasi hills
L58,2020-06-17,None,25.244923,91.68985,Meghalaya,East khasi hills
Lumshnong_landslide,2020-06-16,None,25.18166,92.37444,Meghalaya,East Jaintia Hills
Ramhlun_1,2020-06-15,Night,23.746222,92.723,Mizoram,Aizawl
Mamit3,2020-06-11,Night,23.924168,92.49028,Mizoram,Mamit
Mamit4,2020-06-11,Night,23.912779,92.39056,Mizoram,Mamit
Khatla_1,2020-06-10,Day,23.720278,92.71698,Mizoram,Aizawl
Mamit1,2020-06-10,Night,23.92,92.49111,Mizoram,Mamit
SDMA_AS_2020_SONAI1,2020-06-08,None,24.647875,92.98835,Assam,Cachar
Thakka Road mudslide,2020-06-08,None,27.257,88.421,Sikkim,South Sikkim
SDMA_AS_2020_SONAI2,2020-06-08,None,24.646982,92.98905,Assam,Cachar
SDMA_AS_2020_SONAI3,2020-06-08,None,24.649889,92.989075,Assam,Cachar
SDMA_AS_2020_SONAI4,2020-06-08,None,24.727879,92.82317,Assam,Cachar
SDMA_AS_2020_Govindanagar Slide,2020-06-05,None,24.721916,92.90381,Assam,Cachar
Maubawk_1,2020-06-05,11:00 A.M,23.720156,92.6981,Mizoram,Aizawl
SDMA_AS_2020_SONAI5,2020-06-04,None,24.721872,92.903854,Assam,Cachar
Imphal-Jiribam Landslide-1a,2020-06-02,None,24.774,93.284,Manipur,Tamenglong
SDMA_AS_2020_Mohanpur Grant Slide 3,2020-06-02,None,24.731167,92.64739,Assam,Hailakandi
SDMA_AS_2020_Mohanpur Grant Slide 2,2020-06-02,None,24.706556,92.650085,Assam,Hailakandi
SDMA_AS_2020_Karimpur Slide 2,2020-06-02,None,24.780027,92.45372,Assam,Karimganj
SDMA_AS_2020_Mohanpur Grant Slide 1,2020-06-02,None,24.703638,92.646805,Assam,Hailakandi
SDMA_AS_2020_Karimpur Slide 1,2020-06-02,None,24.783806,92.45564,Assam,Karimganj
SDMA_AS_2020_Kanakpur Slide,2020-06-02,None,24.920973,93.07306,Assam,Cachar
Imphal-Jiribam Landslide-1b,2020-06-02,None,24.8205,93.473,Manipur,Tamenglong
Imphal-Jiribam Landslide-1c,2020-06-02,None,24.8172,93.2457,Manipur,Tamenglong
Imphal-Jiribam Landslide-1d,2020-06-02,None,25.396,94.142,Manipur,Senapati
SDMA_AS_2020_Chandipur Grant Slide,2020-06-02,None,24.79489,92.55505,Assam,Hailakandi
Sokpay_landslide,2020-06-01,7:00 P.M,27.39,88.429,Sikkim,South Sikkim
Mamit5,2020-05-29,Day,23.94861,92.49,Mizoram,Mamit
18th km of Mawkdok Khadarshnong Road,2020-05-29,None,25.4,91.786,Meghalaya,East Khasi Hills
Mualpheng_1,2020-05-28,Day,23.612047,92.97425,Mizoram,Aizawl
L128,2020-05-27,None,25.217813,91.747505,Meghalaya,East khasi hills
L125,2020-05-27,None,25.217484,91.74566,Meghalaya,East khasi hills
L256,2020-05-27,None,25.47981,92.08766,Meghalaya,East khasi hills
L177,2020-05-27,None,25.460016,91.82667,Meghalaya,East khasi hills
L191,2020-05-27,None,25.380148,91.75563,Meghalaya,East khasi hills
L154,2020-05-27,None,25.246328,91.760284,Meghalaya,East khasi hills
L32,2020-05-27,None,25.380934,91.94392,Meghalaya,East khasi hills
Imphal-Jiribam Landslide-2,2020-05-27,3: 00 A.M,24.775278,93.43889,Manipur,Tamenglong
L2,2020-05-26,None,25.38875,91.98842,Meghalaya,East khasi hills
L10,2020-05-26,None,25.392033,91.99098,Meghalaya,East khasi hills
L259,2020-05-26,None,25.351,91.8468,Meghalaya,East khasi hills
L306,2020-05-26,None,25.369427,92.3277,Meghalaya,East jaintia hills
L307,2020-05-26,None,25.433273,92.29368,Meghalaya,East jaintia hills
L308,2020-05-26,None,25.433172,92.29312,Meghalaya,East jaintia hills
L122,2020-05-26,None,25.199219,91.7551,Meghalaya,East khasi hills
L119,2020-05-26,None,25.208124,91.75361,Meghalaya,East khasi hills
L112,2020-05-26,None,25.208784,91.73486,Meghalaya,East khasi hills
L111,2020-05-26,None,25.186453,91.76275,Meghalaya,East khasi hills
L105,2020-05-26,None,25.223047,91.71844,Meghalaya,East khasi hills
L104,2020-05-26,None,25.223282,91.7153,Meghalaya,East khasi hills
L100,2020-05-26,None,25.216091,91.73885,Meghalaya,East khasi hills
L97,2020-05-26,None,25.221401,91.741745,Meghalaya,East khasi hills
L341,2020-05-26,None,25.442333,92.19447,Meghalaya,West Jaintia Hills
L342,2020-05-26,None,25.441778,92.19558,Meghalaya,West Jaintia Hills
L344,2020-05-26,None,25.436306,92.19525,Meghalaya,West Jaintia Hills
L345,2020-05-26,None,25.435057,92.198364,Meghalaya,West Jaintia Hills
L346,2020-05-26,None,25.447416,92.201385,Meghalaya,West Jaintia Hills
L347,2020-05-26,None,25.45075,92.19453,Meghalaya,West Jaintia Hills
L348,2020-05-26,None,25.453518,92.18784,Meghalaya,West Jaintia Hills
L349,2020-05-26,None,25.442333,92.19447,Meghalaya,West Jaintia Hills
L350,2020-05-26,None,25.441778,92.19558,Meghalaya,West Jaintia Hills
L351,2020-05-26,None,25.44139,92.191086,Meghalaya,West Jaintia Hills
L352,2020-05-26,None,25.436306,92.19525,Meghalaya,West Jaintia Hills
L353,2020-05-26,None,25.435057,92.198364,Meghalaya,West Jaintia Hills
L354,2020-05-26,None,25.447416,92.201385,Meghalaya,West Jaintia Hills
L355,2020-05-26,None,25.45075,92.19453,Meghalaya,West Jaintia Hills
L356,2020-05-26,None,25.45075,92.19453,Meghalaya,West Jaintia Hills
L357,2020-05-26,None,25.453518,92.18784,Meghalaya,West Jaintia Hills
L358,2020-05-26,None,25.442333,92.19447,Meghalaya,West Jaintia Hills
L359,2020-05-26,None,25.441778,92.19558,Meghalaya,West Jaintia Hills
L360,2020-05-26,None,25.44139,92.191086,Meghalaya,West Jaintia Hills
L361,2020-05-26,None,25.436306,92.19525,Meghalaya,West Jaintia Hills
L362,2020-05-26,None,25.435057,92.198364,Meghalaya,West Jaintia Hills
L363,2020-05-26,None,25.447416,92.201385,Meghalaya,West Jaintia Hills
L364,2020-05-26,None,25.45075,92.19453,Meghalaya,West Jaintia Hills
L365,2020-05-26,None,25.45075,92.19453,Meghalaya,West Jaintia Hills
L366,2020-05-26,None,25.453518,92.18784,Meghalaya,West Jaintia Hills
L18,2020-05-26,None,25.3946,91.93597,Meghalaya,East khasi hills
Shillong-Agartala-Sabrum Rd,2020-05-26,None,25.453518,92.18784,Meghalaya,Jaintia Hills
Caroline-Jowai,2020-05-26,None,25.45075,92.19453,Meghalaya,Jaintia Hills
Salaroh Landslide,2020-05-26,None,25.447416,92.201385,Meghalaya,Jaintia Hills
Chilliangraij Landslide,2020-05-26,None,25.435057,92.198364,Meghalaya,Jaintia Hills
Chutwakhu road landslide,2020-05-26,None,25.436306,92.19525,Meghalaya,Jaintia Hills
Riatsiatsim Landslide,2020-05-26,None,25.44139,92.191086,Meghalaya,Jaintia Hills
Iawmusiang Landslide � II,2020-05-26,None,25.441778,92.19558,Meghalaya,Jaintia Hills
Iawmusiang Landslide - I,2020-05-26,None,25.442333,92.19447,Meghalaya,Jaintia Hills
Myong Kyong 12th Mile Silde,2020-05-26,5:00 P.M,27.565,88.424,Sikkim,North Sikkim
L250,2020-05-25,None,25.329208,91.659996,Meghalaya,East khasi hills
Variengte_IOC_veng1,2020-05-25,Night,24.455,92.74167,Mizoram,Kolasib
Aarzoo Village,2020-05-25,None,28.5,95.807,Arunachal Pradesh,Dibang Valley
L237,2020-05-25,None,25.32243,91.70444,Meghalaya,East khasi hills
L57,2020-05-24,None,25.2495,91.69877,Meghalaya,East khasi hills
L173,2020-05-24,None,25.231417,91.68961,Meghalaya,East khasi hills
Satala Landslide,2020-05-24,1:00 P.M,27.39839,88.62566,Sikkim,North Sikkim
L234,2020-05-24,None,25.470934,91.813225,Meghalaya,East khasi hills
Lingchom Landslide,2020-05-24,12:30 P.M,27.286,88.219,Sikkim,West Sikkim
L162,2020-05-24,None,25.210033,91.64796,Meghalaya,East khasi hills
L49,2020-05-24,None,25.242182,91.68623,Meghalaya,East khasi hills
L51,2020-05-24,None,25.243214,91.68675,Meghalaya,East khasi hills
L53,2020-05-24,None,25.241507,91.686325,Meghalaya,East khasi hills
L55,2020-05-24,None,25.241726,91.685455,Meghalaya,East khasi hills
Dhare Landslide,2020-05-24,None,27.398666,88.62358,Sikkim,North Sikkim
L64,2020-05-24,None,25.231417,91.68961,Meghalaya,East khasi hills
L84,2020-05-24,None,25.242182,91.68623,Meghalaya,East khasi hills
L86,2020-05-24,None,25.243214,91.68675,Meghalaya,East khasi hills
L88,2020-05-24,None,25.241507,91.686325,Meghalaya,East khasi hills
L90,2020-05-24,None,25.241726,91.685455,Meghalaya,East khasi hills
L92,2020-05-24,None,25.2495,91.69877,Meghalaya,East khasi hills
L158,2020-05-24,None,25.223726,91.750496,Meghalaya,East khasi hills
L257,2020-05-23,None,25.3451,92.0077,Meghalaya,East khasi hills
Umjapung slide,2020-05-21,1:00 P.M,25.62,91.88272,Meghalaya,East Khasi Hills
L284,2020-05-21,None,25.5035,91.8062,Meghalaya,East khasi hills
L1,2020-05-21,None,25.588333,91.98944,Meghalaya,East khasi hills
L286,2020-04-24,None,25.29,91.5,Meghalaya,East khasi hills
Zemabawk_2,2020-02-02,Night,23.730278,92.75766,Mizoram,Aizawl
